Hospital/Program,Type,Specialty,City,State,Duration,Cost,Website URL,Listing URL,Contact Email,Outreach Status,Date Emailed,Response,Notes
"Mobile Infirmary — Observer Program",Clinical Observership,"Internal Medicine","Mobile",AL,"2 or 4 weeks","$2,250+ ($100 app fee + program fees)",https://www.infirmaryhealth.org/careers/graduate-education/mobile-infirmary-internal-medicine-residency/visiting-observer-learning-opportunity-program/,https://uscehub.com/listing/cmn2114ik008csb11xcyn3wpg,,Not Started,,,
"UAB Hospital — International Medical Observers",Clinical Observership,"Multiple departments","Birmingham",AL,"4 or 8 weeks","$4,250 per 4-week slot",https://www.uab.edu/medicine/international/international-programs/observership,https://uscehub.com/listing/cmn21148c007osb11lakxty40,,Not Started,,,
"UAB Hospital (University of Alabama at Birmingham)",Clinical Observership,"Internal Medicine, Surgery, Transplant, Oncology","Birmingham",AL,"2-4 weeks","~$200-400",https://www.uab.edu/medicine/gme/,https://uscehub.com/listing/cmn2113m50066sb11sbr4jq4d,,Not Started,,,
"University of Arkansas for Medical Sciences (UAMS)",Clinical Observership,"Internal Medicine, Family Medicine, Surgery, Geriatrics","Little Rock",AR,"2-4 weeks","$200-400",https://www.uams.edu/,https://uscehub.com/listing/cmn2115v300bksb11ngyv1xao,,Not Started,,,
"Banner University Medical Center — Tucson",Clinical Observership,"Internal Medicine, Surgery, Emergency Medicine, Family Medicine","Tucson",AZ,"2-4 weeks","$300-600",https://www.bannerhealth.com/,https://uscehub.com/listing/cmn2115m900awsb11prycio5n,,Not Started,,,
"Banner University Medical Center / University of Arizona",Clinical Observership,"Internal Medicine, Surgery, Emergency Medicine","Tucson",AZ,"2-4 weeks","~$200-400",https://medicine.arizona.edu/,https://uscehub.com/listing/cmn2113bb005isb111uzkdkk6,,Not Started,,,
"Mayo Clinic Scottsdale",Clinical Observership,"Multiple specialties","Scottsdale",AZ,"2-4 weeks","Free",https://college.mayo.edu/academics/visiting-medical-student-clerkships/,https://uscehub.com/listing/cmn2113al005gsb11qwosqzv5,,Not Started,,,
"Cedars-Sinai — Research Fellowship",Research Fellowship,"Cardiology Research, GI Research, Clinical Research, Outcomes Research","Los Angeles",CA,"1-2 years","Paid position — $55,000-65,000/year",https://www.cedars-sinai.edu/research/training/postdoctoral.html,https://uscehub.com/listing/cmn2113v5006usb11977nd3ud,,Not Started,,,
"Cedars-Sinai Medical Center",Clinical Observership,"Cardiology, GI, Surgery, Orthopedics","Los Angeles",CA,"2-4 weeks","Free",https://www.cedars-sinai.org/,https://uscehub.com/listing/cmn2111o8001qsb11j87evr4c,,Not Started,,,
"Harbor-UCLA Medical Center",Clinical Observership,"Internal Medicine, Emergency Medicine, Surgery, Family Medicine","Torrance",CA,"2-4 weeks","Free — county hospital",https://dhs.lacounty.gov/harbor-ucla/,https://uscehub.com/listing/cmn2115hy00aqsb11fcg85u3r,,Not Started,,,
"Loma Linda University Medical Center",Clinical Observership,"Cardiothoracic Surgery, Pediatrics, Neurosurgery, Transplant","Loma Linda",CA,"2-4 weeks","~$200-500",https://lluh.org/,https://uscehub.com/listing/cmn2111r6001ysb11czxooaqe,,Not Started,,,
"Loma Linda University Medical Center",Clinical Observership,"Internal Medicine, Surgery, Pediatrics, Cardiology","Loma Linda",CA,"2-4 weeks","$500-1,000",https://lluh.org/,https://uscehub.com/listing/cmn2115lj00ausb11hvghc4u6,,Not Started,,,
"MSK MSO — Observership (San Diego)",Clinical Observership,"Neurosurgery, Pain Management, Internal Medicine","San Diego",CA,"Monthly","$1,000/month",https://www.musculoskeletalmso.com/education/observership,https://uscehub.com/listing/cmn2114we0098sb11v3g08rht,,Not Started,,,
"Olive View-UCLA Medical Center",Clinical Observership,"Internal Medicine, Family Medicine, Psychiatry, Emergency Medicine","Sylmar",CA,"2-4 weeks","Free — county hospital",https://dhs.lacounty.gov/olive-view-ucla/,https://uscehub.com/listing/cmn2115ks00assb11r7e4ti9c,,Not Started,,,
"Stanford Health Care",Clinical Observership,"Multiple departments","Stanford",CA,"2-4 weeks","$1,500 for practicing physicians (varies by department)",https://med.stanford.edu/shctv/education/observership.html,https://uscehub.com/listing/cmn2111m1001ksb112erf1286,,Not Started,,,
"Stanford Medicine — Postdoctoral Research",Research Fellowship,"AI in Medicine, Biomedical Informatics, Clinical Research, Outcomes Research, Health Services Research","Stanford",CA,"1-3 years","Paid position — $65,000-75,000/year",https://postdocs.stanford.edu/,https://uscehub.com/listing/cmn2113s6006msb118hgahh1o,,Not Started,,,
"UC Davis Health — International Observership",Clinical Observership,"Multiple departments","Sacramento",CA,"1-6 months","Contact program",https://health.ucdavis.edu/international-affiliations/observerships/index.html,https://uscehub.com/listing/cmn2114d2007wsb11wb06bo60,,Not Started,,,
"UC Davis Medical Center",Clinical Observership,"Internal Medicine, Surgery, Emergency Medicine, Pediatrics","Sacramento",CA,"2-4 weeks","~$200-400",https://health.ucdavis.edu/gme/,https://uscehub.com/listing/cmn2111pp001usb11xypzlek1,,Not Started,,,
"UC Irvine Medical Center",Clinical Observership,"Internal Medicine, Surgery, Neurology, Dermatology","Orange",CA,"2-4 weeks","~$200-400",https://www.ucihealth.org/,https://uscehub.com/listing/cmn2111qh001wsb111gq2cngn,,Not Started,,,
"UC San Diego — ACE Program",Clinical Observership,"Multiple specialties","San Diego",CA,"2-6 months","Contact program",https://hsi.ucsd.edu/education/physicians/enhanced-clinical-skills,https://uscehub.com/listing/cmn2114hw008asb1171avairi,,Not Started,,,
"UCLA Medical Center",Clinical Observership,"Multiple departments","Los Angeles",CA,"1-3 months","$750",https://www.uclahealth.org/international-services/medical-education-training/physicians/physician-observerships,https://uscehub.com/listing/cmn2111mt001msb11fzpzozyu,,Not Started,,,
"UCSD — Bridge to Residency Program",Clinical Observership,"Multiple — clinical skills, standardized patients, mentorship","San Diego",CA,"Customized","Contact program",https://hsi.ucsd.edu/education/physicians/bridge-to-residency-program-for-physicians,https://uscehub.com/listing/cmn2114vr0096sb11tmv3xquq,,Not Started,,,
"UCSF — Postdoctoral Research",Research Fellowship,"Clinical Research, Global Health, Public Health, Outcomes Research, Health Equity","San Francisco",CA,"1-5 years","Paid position — $60,000-75,000/year (UC scale)",https://postdocs.ucsf.edu/,https://uscehub.com/listing/cmn21143g007asb11c77awbh2,,Not Started,,,
"UCSF Medical Center",Clinical Observership,"Internal Medicine, Pediatrics, Surgery, Neurology","San Francisco",CA,"2-4 weeks","~$300-600",https://meded.ucsf.edu/,https://uscehub.com/listing/cmn2111nj001osb1129xg34rr,,Not Started,,,
"USC Keck Medical Center",Clinical Observership,"Internal Medicine, Surgery, Oncology, Urology, Ophthalmology","Los Angeles",CA,"2-4 weeks","~$300-500",https://sites.usc.edu/healthcare-edu/observership/,https://uscehub.com/listing/cmn2111oz001ssb111wz1ddv5,,Not Started,,,
"University of Colorado Hospital",Clinical Observership,"Internal Medicine, Surgery, Pulmonology, Oncology","Aurora",CO,"2-4 weeks","~$200-400",https://medschool.cuanschutz.edu/pediatrics/education/international-trainee-observership-program,https://uscehub.com/listing/cmn21138c005asb11o29sxbw4,,Not Started,,,
"Griffin Hospital",Clinical Observership,"Internal Medicine, Family Medicine","Derby",CT,"Monthly rotations","$900/month (non-refundable)",https://meded.griffinhealth.org/clinical-observership/,https://uscehub.com/listing/cmn21149k007ssb110xnkk74f,,Not Started,,,
"Hartford Hospital",Clinical Observership,"Internal Medicine, Surgery, Cardiology","Hartford",CT,"2-4 weeks","~$200-400",https://hartfordhospital.org/,https://uscehub.com/listing/cmn2113650054sb11ap9qm6ho,,Not Started,,,
"Yale School of Medicine — Postdoctoral Research",Research Fellowship,"Clinical Research, Oncology, Infectious Disease, Outcomes Research, Health Services Research","New Haven",CT,"1-5 years","Paid position — $60,000-70,000/year",https://postdocs.yale.edu/,https://uscehub.com/listing/cmn21144u007esb11pfjw2mj2,,Not Started,,,
"Yale-New Haven Hospital",Clinical Observership,"Internal Medicine, Surgery, Oncology, Cardiology, Psychiatry","New Haven",CT,"2-4 weeks","~$500-1000",https://medicine.yale.edu/,https://uscehub.com/listing/cmn21135e0052sb11ny77telu,,Not Started,,,
"George Washington University Hospital",Clinical Observership,"Internal Medicine, Surgery, Emergency Medicine","Washington",DC,"2-4 weeks","~$300-500",https://imp.smhs.gwu.edu/observer-training-program-not-accepting-applications,https://uscehub.com/listing/cmn21127z0032sb11zu4ltpkg,,Not Started,,,
"Georgetown / Ruesch Center — International GI Observership",Clinical Observership,"Gastroenterology, GI Oncology","Washington",DC,"Contact program","$150 fee + tuition",https://ruesch.georgetown.edu/internationalobservership/,https://uscehub.com/listing/cmn2114ue0092sb11ad5zl106,,Not Started,,,
"MedStar Georgetown University Hospital",Clinical Observership,"Internal Medicine, Surgery, Oncology, Transplant","Washington",DC,"2-4 weeks","~$300-500",https://www.medstarhealth.org/education,https://uscehub.com/listing/cmn2112790030sb11lgcyjgkr,,Not Started,,,
"MedStar Health — International Observer Program",Clinical Observership,"Multiple departments (Georgetown affiliated)","Washington",DC,"Varies","No rotation fee",https://www.medstarhealth.org/education,https://uscehub.com/listing/cmn2114tp0090sb11hh3inaul,,Not Started,,,
"Baptist Health South Florida",Clinical Observership,"Internal Medicine, Cardiology, Oncology, Neurology","Miami",FL,"2-4 weeks","$500-1,000",https://baptisthealth.net/,https://uscehub.com/listing/cmn2115dj00aesb115q0wh0yc,,Not Started,,,
"Cleveland Clinic Florida",Clinical Observership,"Cardiology, Urology, Neurology, Surgery","Weston",FL,"2-4 weeks","Free",https://my.clevelandclinic.org/florida/medical-professionals/education/observerships,https://uscehub.com/listing/cmn2112hf003msb111pyw2jaa,,Not Started,,,
"Jackson Memorial Hospital (UMiami)",Clinical Externship,"Internal Medicine, Surgery, Emergency Medicine, Trauma","Miami",FL,"4-8 weeks","~$1000-2500",https://med.miami.edu/centers-and-institutes/international-medicine-institute/education-and-training/global-observership,https://uscehub.com/listing/cmn2112gq003ksb11sxakpgty,,Not Started,,,
"Mayo Clinic Jacksonville",Clinical Observership,"Transplant, Hepatology, Oncology, Neurology","Jacksonville",FL,"2-4 weeks","Free",https://college.mayo.edu/academics/visiting-medical-student-clerkships/,https://uscehub.com/listing/cmn2112ia003osb11ylgme3ij,,Not Started,,,
"Memorial Healthcare System",Clinical Observership,"Internal Medicine, Pediatrics, Surgery, Emergency Medicine","Hollywood",FL,"2-4 weeks","$300-600",https://www.mhs.net/,https://uscehub.com/listing/cmn2115eb00agsb119if7wq66,,Not Started,,,
"Mount Sinai Medical Center — Miami Beach",Clinical Observership,"Cardiology, Infectious Disease, Internal Medicine","Miami Beach",FL,"4 weeks","Contact program",https://www.msmc.com/education/educational-courses-and-events/international-observership-courses/,https://uscehub.com/listing/cmn2114eg0080sb11z6bzsocz,,Not Started,,,
"Tampa General Hospital / USF Health",Clinical Observership,"Internal Medicine, Surgery, Transplant, Emergency Medicine","Tampa",FL,"2-4 weeks","~$200-400",https://health.usf.edu/medicine/gme,https://uscehub.com/listing/cmn2112jp003ssb11zyesyyua,,Not Started,,,
"University of Florida Health / Shands Hospital",Clinical Observership,"Internal Medicine, Surgery, Pediatrics, Neurology","Gainesville",FL,"2-4 weeks","~$200-400",https://hr.med.ufl.edu/volunteers/onserving-shadowing-application-process/,https://uscehub.com/listing/cmn2112ix003qsb1178t0rg6k,,Not Started,,,
"USF Health — International Training",Clinical Observership,"Multiple departments","Tampa",FL,"Contact program","Contact program",https://health.usf.edu/medicine/ia/international-training-programs,https://uscehub.com/listing/cmn2114dq007ysb119e2itzp9,,Not Started,,,
"Augusta University Medical Center (MCG)",Clinical Observership,"Internal Medicine, Surgery, Pediatrics","Augusta",GA,"2-4 weeks","~$200-400",https://www.augusta.edu/mcg/,https://uscehub.com/listing/cmn2112uj004esb119x368xuh,,Not Started,,,
"Emory University — Postdoctoral Research",Research Fellowship,"Infectious Disease, Public Health, Global Health, Clinical Research, Epidemiology","Atlanta",GA,"1-3 years","Paid position — $50,000-60,000/year",https://www.postdocs.emory.edu/,https://uscehub.com/listing/cmn2113vx006wsb11k7c4vies,,Not Started,,,
"Emory University Hospital",Clinical Observership,"Internal Medicine, Infectious Disease, Cardiology, Transplant","Atlanta",GA,"2-4 weeks","~$200-500",https://med.emory.edu/,https://uscehub.com/listing/cmn2112t1004asb11yfn2d06l,,Not Started,,,
"Grady Memorial Hospital",Clinical Observership,"Internal Medicine, Emergency Medicine, Surgery, Trauma","Atlanta",GA,"4-8 weeks","Free",https://www.gradyhealth.org/,https://uscehub.com/listing/cmn2112tr004csb11exwui0cw,,Not Started,,,
"University of Iowa Hospitals & Clinics",Clinical Observership,"Internal Medicine, Surgery, Ophthalmology, Otolaryngology","Iowa City",IA,"2-4 weeks","~$200-400",https://medicine.uiowa.edu/,https://uscehub.com/listing/cmn2113jz0060sb11qa6zlypu,,Not Started,,,
"Advocate Christ Medical Center",Clinical Observership,"Internal Medicine, Emergency Medicine, Cardiology, Trauma Surgery","Oak Lawn",IL,"2-4 weeks","$300-600",https://www.advocatehealth.com/,https://uscehub.com/listing/cmn21156y009wsb11c201596e,,Not Started,,,
"Advocate Christ Medical Center",Clinical Observership,"Internal Medicine, Cardiology, Emergency Medicine, Surgery","Oak Lawn",IL,"2-4 weeks","~$200-400",https://www.advocatehealth.com/,https://uscehub.com/listing/cmn21121g002ksb11m3qkwjbv,,Not Started,,,
"Cook County Hospital (Stroger)",Clinical Observership,"Internal Medicine, Emergency Medicine, Surgery","Chicago",IL,"N/A","N/A — does NOT offer observerships",https://cookcountyhealth.org/,https://uscehub.com/listing/cmn2111z9002esb11gli9r1qb,,Not Started,,,
"Loyola University Medical Center",Clinical Observership,"Internal Medicine, Surgery, Oncology, Transplant","Maywood",IL,"2-4 weeks","~$200-400",https://ssom.luc.edu/gme/,https://uscehub.com/listing/cmn211226002msb11k9kbylwr,,Not Started,,,
"Northwestern Feinberg — Postdoctoral Research",Research Fellowship,"Oncology, Cardiology, Health Equity, Clinical Research, Quality Improvement","Chicago",IL,"1-3 years","Paid position — $55,000-65,000/year",https://www.feinberg.northwestern.edu/,https://uscehub.com/listing/cmn211468007isb11z63xyocy,,Not Started,,,
"Northwestern Memorial Hospital",Clinical Observership,"Internal Medicine, Cardiology, Surgery","Chicago",IL,"2-4 weeks","~$200-400",https://www.nm.org/,https://uscehub.com/listing/cmn2111yi002csb110xhtoeez,,Not Started,,,
"Rush University Medical Center",Clinical Observership,"Internal Medicine, Neurology, Orthopedics, Surgery","Chicago",IL,"2-4 weeks","~$200-500",https://www.rushu.rush.edu/,https://uscehub.com/listing/cmn211200002gsb116i7cgugp,,Not Started,,,
"University of Chicago Medicine",Clinical Observership,"Internal Medicine, Surgery, Oncology, Cardiology","Chicago",IL,"2-4 weeks","~$200-400",https://www.uchicagomedicine.org/international/international-collaboration/education-and-training,https://uscehub.com/listing/cmn2111xq002asb11vcg045uc,,Not Started,,,
"University of Illinois at Chicago (UIC)",Clinical Observership,"Internal Medicine, Surgery, Psychiatry, Pediatrics","Chicago",IL,"2-4 weeks","~$200-400",https://medicine.uic.edu/education/international-education/observership-program/,https://uscehub.com/listing/cmn21120p002isb11jqbf2z81,,Not Started,,,
"Indiana University Health",Clinical Observership,"Internal Medicine, Surgery, Oncology, Transplant","Indianapolis",IN,"2-4 weeks","~$200-400",https://medicine.iu.edu/gme,https://uscehub.com/listing/cmn21136u0056sb11aydkbtjz,,Not Started,,,
"University of Kansas Medical Center",Clinical Observership,"Internal Medicine, Family Medicine, Surgery, Oncology","Kansas City",KS,"2-4 weeks","$300-500",https://www.kumc.edu/,https://uscehub.com/listing/cmn2115ud00bisb11k3wltm6f,,Not Started,,,
"University of Kansas Medical Center (KUMC)",Clinical Observership,"Multiple departments","Kansas City",KS,"4 weeks","$3,000/month",https://www.kumc.edu/academic-and-student-affairs/departments/office-of-international-programs/inbound-programs/information-for-irsd-observers-and-visitors/international-observership-program.html,https://uscehub.com/listing/cmn21147m007msb11gq7xaz4y,,Not Started,,,
"University of Kentucky Medical Center",Clinical Observership,"Internal Medicine, Surgery, Emergency Medicine, Family Medicine","Lexington",KY,"2-4 weeks","~$200-400",https://medicine.uky.edu/,https://uscehub.com/listing/cmn2113h5005ysb11u6inmy50,,Not Started,,,
"University of Louisville — Medical Observership Program",Clinical Observership,"Multiple departments","Louisville",KY,"Contact program","$250 application fee",https://uoflhealth.org/careers/medical-observership-program-mop/,https://uscehub.com/listing/cmn2114oe008ssb110xfqwdfv,,Not Started,,,
"LSU Health New Orleans / University Medical Center",Clinical Observership,"Internal Medicine, Surgery, Emergency Medicine, Psychiatry","New Orleans",LA,"2-4 weeks","~$200-400",https://www.medschool.lsuhsc.edu/,https://uscehub.com/listing/cmn2113cs005msb11f4e79jnf,,Not Started,,,
"Ochsner Health — International Observership",Clinical Observership,"Multiple departments","New Orleans",LA,"Up to 90 days","$500 non-refundable processing fee",https://education.ochsner.org/clined/global-is-local/ochsner-international-observership-program/,https://uscehub.com/listing/cmn2114k2008gsb11w9oeuiqz,,Not Started,,,
"Ochsner Health System",Clinical Observership,"Internal Medicine, Cardiology, Transplant, Surgery","New Orleans",LA,"2-4 weeks","$500-1,000",https://www.ochsner.org/,https://uscehub.com/listing/cmn2115f200aisb110lqohi4y,,Not Started,,,
"Tulane Medical Center",Clinical Observership,"Internal Medicine, Surgery, Tropical Medicine, Infectious Disease","New Orleans",LA,"2-4 weeks","~$200-400",https://medicine.tulane.edu/,https://uscehub.com/listing/cmn2113c1005ksb11e54msb6c,,Not Started,,,
"Beth Israel Deaconess Medical Center",Clinical Observership,"Internal Medicine, Gastroenterology, Cardiology, Surgery","Boston",MA,"2-4 weeks","~$300-500",https://www.bidmc.org/medical-education/graduate-medical-education,https://uscehub.com/listing/cmn2111te0024sb11mt47ybof,,Not Started,,,
"Boston Children's Hospital — Observership",Clinical Observership,"Pediatrics (all subspecialties)","Boston",MA,"1-12 weeks (most limit to 4 weeks)","Contact program",https://bchapps.childrenshospital.org/observership/,https://uscehub.com/listing/cmn2114m6008msb11ihsjqovc,,Not Started,,,
"Boston Medical Center",Clinical Observership,"Internal Medicine, Family Medicine, Emergency Medicine, Pediatrics","Boston",MA,"4-8 weeks","~$300-500",https://www.bmc.org/,https://uscehub.com/listing/cmn2111u40026sb11bnhgpkdb,,Not Started,,,
"Brigham and Women's Hospital",Clinical Observership,"Internal Medicine, Surgery, OB/GYN, Rheumatology","Boston",MA,"2-4 weeks","~$500",https://www.brighamandwomens.org/radiology/education-and-training/observerships,https://uscehub.com/listing/cmn2111sn0022sb11l23h78bo,,Not Started,,,
"Harvard Medical School — Research Fellowship",Research Fellowship,"Clinical Research, Outcomes Research, Health Services Research, Global Health, Epidemiology","Boston",MA,"1-3 years","Paid position — $55,000-70,000/year",https://postdoc.hms.harvard.edu/,https://uscehub.com/listing/cmn2113qn006isb11ed3rrmyv,,Not Started,,,
"Massachusetts General Hospital",Clinical Observership,"All major specialties","Boston",MA,"2-4 weeks","~$500-1000",https://www.massgeneral.org/education,https://uscehub.com/listing/cmn2111rw0020sb112s14bfsn,,Not Started,,,
"Tufts Medical Center",Clinical Observership,"Internal Medicine, Cardiology, Pulmonology, Nephrology","Boston",MA,"2-4 weeks","~$300-500",https://www.tuftsmedicalcenter.org/graduate-medical-education,https://uscehub.com/listing/cmn2111uv0028sb11o4hirnws,,Not Started,,,
"Johns Hopkins — Postdoctoral Research",Research Fellowship,"Public Health, Clinical Research, Outcomes Research, Epidemiology, Global Health","Baltimore",MD,"1-3 years","Paid position — $55,000-65,000/year",https://www.hopkinsmedicine.org/research/resources/postdoctoral,https://uscehub.com/listing/cmn2113rd006ksb11qnyjkqvk,,Not Started,,,
"Johns Hopkins Hospital",Clinical Observership,"Department-specific — depends on sponsoring physician","Baltimore",MD,"Max 100 hours over 12 months","Free — must find own JHM physician sponsor",https://www.hopkinsmedicine.org/volunteer-services/observerships,https://uscehub.com/listing/cmn21125u002wsb11oliaiwmt,,Not Started,,,
"NIH Clinical Center — Postdoctoral Research",Research Fellowship,"Biomedical Research (all areas), Clinical Research, Translational Science","Bethesda",MD,"1-3 years","Paid position — $55,000-65,000/year stipend",https://www.training.nih.gov/programs/postdoctoral_irta,https://uscehub.com/listing/cmn2113mw0068sb111h3z42an,,Not Started,,,
"University of Maryland Medical Center",Clinical Observership,"Internal Medicine, Surgery, Shock Trauma, Emergency Medicine","Baltimore",MD,"2-4 weeks","~$200-400",https://www.umm.edu/,https://uscehub.com/listing/cmn21126j002ysb11e8v08sef,,Not Started,,,
"Beaumont Hospital — Royal Oak",Clinical Observership,"Internal Medicine, Surgery, Cardiology, Orthopaedics","Royal Oak",MI,"2-4 weeks","$300-500",https://www.beaumont.org/,https://uscehub.com/listing/cmn21159u00a4sb11kzzrh8a0,,Not Started,,,
"Beaumont Hospital (Corewell Health)",Clinical Observership,"Internal Medicine, Cardiology, Surgery, Orthopedics","Royal Oak",MI,"2-4 weeks","~$200-400",https://www.beaumont.org/medical-education/graduate-medical-education,https://uscehub.com/listing/cmn2112wn004ksb119xp19fdc,,Not Started,,,
"Henry Ford Hospital",Clinical Observership,"Internal Medicine, Cardiology, Neurology, Surgery, Transplant","Detroit",MI,"2-4 weeks","$300-600",https://www.henryford.com/,https://uscehub.com/listing/cmn21159400a2sb11la8ong4t,,Not Started,,,
"Henry Ford Hospital",Clinical Observership,"Internal Medicine, Surgery, Neurology, Dermatology","Detroit",MI,"2-4 weeks","~$200-400",https://www.henryford.com/,https://uscehub.com/listing/cmn2112vy004isb11z0ai7uk5,,Not Started,,,
"Hurley Medical Center (MSU) — Observership",Clinical Observership,"Internal Medicine / Pediatrics (Med-Peds)","Flint",MI,"1-2 weeks","Fee-based",https://education.hurleymc.com/gme/residencies-and-fellowships/combined-internal-medicine-pediatrics/observerships/,https://uscehub.com/listing/cmn2114jc008esb11skue0jrq,,Not Started,,,
"MSU Institute for Global Health — Observership",Clinical Observership,"Multiple departments","Multiple Michigan sites",MI,"Varies","Contact program",https://ighealth.msu.edu/education/global-externship-program/,https://uscehub.com/listing/cmn2114lg008ksb11hva3gw88,,Not Started,,,
"University of Michigan — Research Fellowship",Research Fellowship,"Health Services Research, Clinical Trials, Cardiovascular, Oncology","Ann Arbor",MI,"1-3 years","Paid position — $55,000-65,000/year",https://medicine.umich.edu/medschool/research/postdoctoral,https://uscehub.com/listing/cmn2113z5006ysb11a69rap0h,,Not Started,,,
"University of Michigan Health",Clinical Observership,"Internal Medicine, Pediatrics, Surgery, Cardiology","Ann Arbor",MI,"2-4 weeks","~$200-400",https://medicine.umich.edu/,https://uscehub.com/listing/cmn2112v6004gsb11vhhinr8a,,Not Started,,,
"Wayne State University / Detroit Medical Center",Clinical Observership,"Internal Medicine, Surgery, Emergency Medicine, Pediatrics","Detroit",MI,"2-4 weeks","~$200-400",https://www.med.wayne.edu/,https://uscehub.com/listing/cmn2112xb004msb11lxcsbuqj,,Not Started,,,
"Hennepin Healthcare — Minneapolis",Clinical Observership,"Internal Medicine, Emergency Medicine, Trauma Surgery, Psychiatry","Minneapolis",MN,"2-4 weeks","$300-500",https://www.hennepinhealthcare.org/,https://uscehub.com/listing/cmn2115sy00besb11mu9l8ndk,,Not Started,,,
"Mayo Clinic",Clinical Observership,"All major specialties","Rochester",MN,"2-4 weeks","Free",https://college.mayo.edu/academics/visiting-medical-student-clerkships/,https://uscehub.com/listing/cmn21128p0034sb11bh6ix3xv,,Not Started,,,
"Mayo Clinic — Research Fellowship",Research Fellowship,"Biomedical Research, Clinical Research, Outcomes Research, AI in Medicine","Rochester",MN,"1-3 years","Paid position — $55,000-65,000/year",https://college.mayo.edu/,https://uscehub.com/listing/cmn2113pw006gsb115grg3340,,Not Started,,,
"University of Minnesota Medical Center",Clinical Observership,"Internal Medicine, Surgery, Transplant, Pediatrics","Minneapolis",MN,"2-4 weeks","~$200-400",https://med.umn.edu/gme,https://uscehub.com/listing/cmn21129f0036sb11lxype91i,,Not Started,,,
"Barnes-Jewish Hospital (WashU)",Clinical Observership,"Internal Medicine, Surgery, Oncology","St. Louis",MO,"2-4 weeks","~$200-400",https://gme.wustl.edu/,https://uscehub.com/listing/cmn2112y0004osb11wjh4xkrv,,Not Started,,,
"Mercy Hospital — St. Louis",Clinical Observership,"Internal Medicine, Family Medicine, Surgery, Cardiology","St. Louis",MO,"2-4 weeks","$200-400",https://www.mercy.net/,https://uscehub.com/listing/cmn2115s900bcsb11io2z2cl3,,Not Started,,,
"Mercy Hospital St. Louis",Clinical Externship,"Internal Medicine, Family Medicine, Surgery","St. Louis",MO,"4-8 weeks","~$800-1500",https://www.mercy.net/,https://uscehub.com/listing/cmn2112yq004qsb11hveu7mqi,,Not Started,,,
"University of Missouri Health Care",Clinical Observership,"Internal Medicine, Family Medicine, Surgery","Columbia",MO,"2-4 weeks","~$200-400",https://medicine.missouri.edu/,https://uscehub.com/listing/cmn2112zg004ssb11ibc3ebim,,Not Started,,,
"University of Mississippi Medical Center",Clinical Observership,"Internal Medicine, Family Medicine, Pediatrics, Surgery","Jackson",MS,"2-4 weeks","$200-400",https://www.umc.edu/,https://uscehub.com/listing/cmn2115vt00bmsb11oodepaa9,,Not Started,,,
"AMG Medical Group — Clinical Rotations",Clinical Externship,"Internal Medicine, Family Medicine, Surgery, Pediatrics, Psychiatry, OB/GYN","Multiple locations nationwide",MULTI,"4-12 weeks","$2,000-5,000 per rotation",https://amgmedicalgroup.com/,https://uscehub.com/listing/cmn21140m0072sb11ez341w0z,,Not Started,,,
"Clinical Experience Programs — Multi-Site",Clinical Externship,"Internal Medicine, Surgery, Family Medicine, Pediatrics, OB/GYN","Multiple Cities",MULTI,"4-12 weeks","$2,000-5,000",#,https://uscehub.com/listing/cmn2115pb00b4sb11t4pwrgjh,,Not Started,,,
"Clinical Experience Programs (CEP) — IMG Rotations",Clinical Externship,"Internal Medicine, Family Medicine, Surgery, Pediatrics","Multiple locations nationwide",MULTI,"4-8 weeks","$2,000-4,500 per rotation",https://clinicalexperienceprograms.com/,https://uscehub.com/listing/cmn2114240076sb11zfiteqrx,,Not Started,,,
"CommonSpirit Health International — Clinical Observation",Clinical Observership,"Multiple departments","Multiple States (159 hospitals)",MULTI,"4-12 weeks","Contact program",https://commonspiritinternational.org/education-programs/,https://uscehub.com/listing/cmn2114sz008ysb114tl0vvdr,,Not Started,,,
"Global Medical Foundation — USCE Programs",Clinical Externship,"Internal Medicine, Family Medicine, Pediatrics, Surgery","Multiple locations (NY",MULTI,"4-8 weeks","$1,500-4,000 per rotation",https://www.globalmedicalfoundation.com/,https://uscehub.com/listing/cmn21141e0074sb11knt886rr,,Not Started,,,
"SAMS — Clinical Observership (Nonprofit)",Clinical Observership,"Multiple specialties","Multiple States",MULTI,"1-2 months","Free or minimal (nonprofit)",https://society.sams-usa.net/observership-program/,https://uscehub.com/listing/cmn2114sb008wsb11jwl3hilh,,Not Started,,,
"ValueMD Clinical Rotations",Clinical Externship,"Internal Medicine, Family Medicine, Psychiatry","Multiple locations (NY",MULTI,"4-8 weeks","$1,500-3,500 per rotation",https://www.valuemd.com/clinical-rotations/,https://uscehub.com/listing/cmn21142r0078sb11yqmf995v,,Not Started,,,
"Carolinas Medical Center — Atrium Health",Clinical Observership,"Internal Medicine, Surgery, Emergency Medicine, Cardiology","Charlotte",NC,"2-4 weeks","$300-600",https://atriumhealth.org/,https://uscehub.com/listing/cmn2115fs00aksb110p1hkkvn,,Not Started,,,
"Duke University — Postdoctoral Research",Research Fellowship,"Cardiovascular Research, Clinical Trials, AI in Medicine, Outcomes Research","Durham",NC,"1-3 years","Paid position — $55,000-65,000/year",https://postdoc.duke.edu/,https://uscehub.com/listing/cmn2113zw0070sb116oho28en,,Not Started,,,
"Duke University Hospital",Clinical Observership,"Cardiology, Oncology, Surgery, Neurosurgery","Durham",NC,"2-4 weeks","~$200-400",https://medschool.duke.edu/,https://uscehub.com/listing/cmn2112qu0044sb11m7wwscho,,Not Started,,,
"UNC Hospitals",Clinical Observership,"Internal Medicine, Surgery, Oncology, Pediatrics","Chapel Hill",NC,"2-4 weeks","~$200-400",https://www.med.unc.edu/,https://uscehub.com/listing/cmn2112rm0046sb11vospyk2p,,Not Started,,,
"Wake Forest Baptist Medical Center",Clinical Observership,"Internal Medicine, Surgery, Oncology","Winston-Salem",NC,"2-4 weeks","~$200-400",https://school.wakehealth.edu/,https://uscehub.com/listing/cmn2112sb0048sb11hdvon18l,,Not Started,,,
"University of Nebraska Medical Center",Clinical Observership,"Internal Medicine, Surgery, Transplant, Infectious Disease","Omaha",NE,"2-4 weeks","~$200-400",https://www.unmc.edu/,https://uscehub.com/listing/cmn2113kp0062sb11wyre9lqr,,Not Started,,,
"Hackensack University Medical Center",Clinical Observership,"Internal Medicine, Oncology, Surgery, Pediatrics","Hackensack",NJ,"2-4 weeks","~$300-500",https://www.hackensackmeridianhealth.org/,https://uscehub.com/listing/cmn21131r004ysb11ksi9mk82,,Not Started,,,
"Hackensack University Medical Center",Clinical Observership,"Internal Medicine, Oncology, Surgery, Cardiology","Hackensack",NJ,"2-4 weeks","$500-1,000",https://www.hackensackmeridianhealth.org/,https://uscehub.com/listing/cmn21152l009qsb11ui0oia7r,,Not Started,,,
"Jersey City Medical Center",Clinical Observership,"Internal Medicine, Emergency Medicine, Surgery, Pediatrics","Jersey City",NJ,"2-4 weeks","$300-500",https://www.rwjbh.org/jersey-city-medical-center/,https://uscehub.com/listing/cmn211516009msb111n1uwpre,,Not Started,,,
"Jersey Shore University Medical Center",Clinical Observership,"Internal Medicine, Surgery, Emergency Medicine","Neptune",NJ,"2-4 weeks","~$200-400",https://www.hackensackmeridianhealth.org/,https://uscehub.com/listing/cmn21132h0050sb11rp8j7cny,,Not Started,,,
"Newark Beth Israel Medical Center",Clinical Observership,"Internal Medicine, Cardiology, Surgery, Transplant","Newark",NJ,"2-4 weeks","$300-600",https://www.rwjbh.org/newark-beth-israel-medical-center/,https://uscehub.com/listing/cmn21151v009osb11livoez3d,,Not Started,,,
"Newark Beth Israel Medical Center",Clinical Observership,"Internal Medicine, Cardiology, Surgery","Newark",NJ,"4-8 weeks","~$500-1000",https://www.rwjbh.org/newark-beth-israel-medical-center/education/,https://uscehub.com/listing/cmn21130x004wsb112pfkq89t,,Not Started,,,
"Robert Wood Johnson University Hospital",Clinical Externship,"Internal Medicine, Family Medicine, Surgery, Pediatrics","New Brunswick",NJ,"4-8 weeks","~$1000-2000",https://rwjms.rutgers.edu/,https://uscehub.com/listing/cmn211307004usb11g6ij63lj,,Not Started,,,
"University of New Mexico Hospital",Clinical Observership,"Internal Medicine, Family Medicine, Emergency Medicine, Psychiatry","Albuquerque",NM,"2-4 weeks","$200-400",https://hospitals.health.unm.edu/,https://uscehub.com/listing/cmn2115n200aysb11lq9efqq3,,Not Started,,,
"Albert Einstein College of Medicine — Research Fellowship",Research Fellowship,"Clinical Research, Cancer, Hepatology, Outcomes Research, Patient Safety","Bronx",NY,"1-3 years","Paid position — $50,000-60,000/year",https://einsteinmed.edu/,https://uscehub.com/listing/cmn21146x007ksb11nksfya8i,,Not Started,,,
"BronxCare Health System",Clinical Observership,"Internal Medicine, Family Medicine, Surgery, Psychiatry, Pediatrics","Bronx",NY,"4-12 weeks","~$300-600",https://www.bronxcare.org/our-services/psychiatry/residency-program/volunteer-and-observership-opportunities,https://uscehub.com/listing/cmn2111fa0018sb11v9x51s6a,,Not Started,,,
"Brookdale University Hospital",Clinical Observership,"Internal Medicine, Surgery, Pediatrics, Emergency Medicine","Brooklyn",NY,"4-12 weeks","~$500-1000",https://www.brookdalehospital.org/gme,https://uscehub.com/listing/cmn2111j4001csb113odjp4jt,,Not Started,,,
"Brooklyn USCE — Clinical Rotations",Clinical Externship,"Internal Medicine, Surgery, Family Medicine, Pediatrics","Brooklyn",NY,"4-8 weeks","$1,500-3,500",https://brooklynusce.com/,https://uscehub.com/listing/cmn2115ok00b2sb11uo7vd4v7,,Not Started,,,
"Coney Island Hospital",Clinical Observership,"Internal Medicine, Surgery, Pediatrics, Family Medicine","Brooklyn",NY,"4-12 weeks","Free",https://www.nychealthandhospitals.org/coneyisland/,https://uscehub.com/listing/cmn2111bn000ysb11c73w0mft,,Not Started,,,
"Elmhurst Hospital Center",Clinical Observership,"Internal Medicine, Psychiatry, Surgery, Pediatrics","Queens",NY,"4-12 weeks","Free",https://www.nychealthandhospitals.org/elmhurst/graduate-medical-education/,https://uscehub.com/listing/cmn21118u000qsb11lbgouwbn,,Not Started,,,
"Flushing Hospital Medical Center",Clinical Observership,"Internal Medicine, Surgery, Pediatrics, OB/GYN","Queens",NY,"4-12 weeks","~$500-1000",https://www.flushinghospital.org/graduate-medical-education,https://uscehub.com/listing/cmn2111d40012sb11t82kblsc,,Not Started,,,
"Flushing Hospital Medical Center",Clinical Observership,"Internal Medicine, Surgery, OB/GYN, Pediatrics","Flushing",NY,"2-4 weeks","$250-500",https://www.flushinghospital.org/,https://uscehub.com/listing/cmn2114xq009csb115qvu2i90,,Not Started,,,
"Harlem Hospital Center",Clinical Observership,"Internal Medicine, Surgery, Psychiatry, OB/GYN","New York",NY,"4-12 weeks","Free",https://www.nychealthandhospitals.org/harlem/,https://uscehub.com/listing/cmn2111a9000usb11xb7vi1yo,,Not Started,,,
"Interfaith Medical Center",Clinical Observership,"Internal Medicine, Psychiatry, Surgery","Brooklyn",NY,"4-12 weeks","Free",https://www.interfaithmedical.org/graduate-medical-education,https://uscehub.com/listing/cmn21117e000msb11t80jqdux,,Not Started,,,
"Jacobi Medical Center",Clinical Observership,"Internal Medicine, Emergency Medicine, Surgery, Pediatrics","Bronx",NY,"4-12 weeks","Free",https://www.nychealthandhospitals.org/jacobi/graduate-medical-education/,https://uscehub.com/listing/cmn211184000osb11lxan6nl7,,Not Started,,,
"Jamaica Hospital Medical Center",Clinical Observership,"Internal Medicine, Emergency Medicine, Surgery, Psychiatry","Queens",NY,"4-12 weeks","~$500-1000",https://jamaicahospital.org/graduate-medical-education/,https://uscehub.com/listing/cmn2111dv0014sb11q1i4fjzo,,Not Started,,,
"Jamaica Hospital Medical Center",Clinical Observership,"Internal Medicine, Emergency Medicine, Pediatrics, Surgery","Jamaica",NY,"2-4 weeks","$300-500",https://www.jamaicahospital.org/,https://uscehub.com/listing/cmn2114x0009asb11vqhrdugf,,Not Started,,,
"Kings County Hospital Center",Clinical Observership,"Internal Medicine, Surgery, Psychiatry, Emergency Medicine","Brooklyn",NY,"4-12 weeks","Free",https://www.nychealthandhospitals.org/kingscounty/,https://uscehub.com/listing/cmn2111ay000wsb11a14w9t73,,Not Started,,,
"Kingsbrook Jewish Medical Center",Clinical Observership,"Internal Medicine, Physical Medicine & Rehabilitation, Psychiatry","Brooklyn",NY,"2-4 weeks","$200-400",https://www.kingsbrook.org/,https://uscehub.com/listing/cmn2114yf009esb11j10sd1ub,,Not Started,,,
"Lincoln Medical Center",Clinical Observership,"Internal Medicine, Emergency Medicine, Surgery, Psychiatry, Pediatrics","Bronx",NY,"4-12 weeks","Free",https://www.nychealthandhospitals.org/lincoln/,https://uscehub.com/listing/cmn21119k000ssb11aj30itn0,,Not Started,,,
"Maimonides Medical Center",Clinical Observership,"Internal Medicine, Pediatrics, Surgery, OB/GYN","Brooklyn",NY,"4-12 weeks","~$500-1500",https://www.maimonides.org/gme/,https://uscehub.com/listing/cmn21116s000ksb11yj4vmreu,,Not Started,,,
"Memorial Sloan Kettering — Observership",Clinical Observership,"Oncology, Surgical Oncology, Radiation Oncology, Medical Oncology","New York",NY,"Contact program","Contact program",https://www.mskcc.org/hcp-education-training/international/observership,https://uscehub.com/listing/cmn2113nm006asb11p69ala2j,,Not Started,,,
"Metropolitan Hospital Center",Clinical Observership,"Internal Medicine, Surgery, Pediatrics, OB/GYN","New York",NY,"4-12 weeks","Free",https://www.nychealthandhospitals.org/metropolitan/,https://uscehub.com/listing/cmn2111ce0010sb11kh0qbbxa,,Not Started,,,
"Montefiore / Albert Einstein",Clinical Observership,"Internal Medicine, Pediatrics, Surgery, Family Medicine","Bronx",NY,"4-12 weeks","Varies by department",https://montefioreeinstein.org/education/gme,https://uscehub.com/listing/cmn2111090008sb1118f8yxgv,,Not Started,,,
"Mount Sinai — Postdoctoral Research",Research Fellowship,"Clinical Research, Data Science, Outcomes Research, Health Services Research, Biomedical Informatics","New York",NY,"1-3 years","Paid position — $55,000-65,000/year",https://icahn.mssm.edu/,https://uscehub.com/listing/cmn2113sx006osb11loir1mwy,,Not Started,,,
"Mount Sinai Beth Israel",Clinical Observership,"Internal Medicine, Surgery, Geriatrics","New York",NY,"4-12 weeks","~$500-1000",https://www.mountsinai.org/locations/beth-israel/education/graduate-medical-education,https://uscehub.com/listing/cmn21115b000gsb11b9n7mmxx,,Not Started,,,
"Mount Sinai Hospital",Clinical Observership,"Department-specific — Surgery, Transplant, other departments may accept observers","New York",NY,"Varies by department","Contact program — fees vary by department",https://www.mountsinai.org/about/international/programs,https://uscehub.com/listing/cmn2110ys0006sb11nja16wow,,Not Started,,,
"Mount Sinai Morningside / West",Clinical Observership,"Internal Medicine, Surgery, Psychiatry, Emergency Medicine","New York",NY,"2-8 weeks","~$300-500",https://www.mountsinai.org/,https://uscehub.com/listing/cmn211162000isb11ch7hhgdh,,Not Started,,,
"NewYork-Presbyterian / Columbia",Clinical Observership,"Cardiac Surgery, Neurology, Oncology, Transplant","New York",NY,"2-4 weeks","~$500-1000",https://www.nyp.org/,https://uscehub.com/listing/cmn21111q000csb1163kfm97r,,Not Started,,,
"NewYork-Presbyterian / Weill Cornell",Clinical Observership,"Internal Medicine, Surgery, Oncology, Neurology","New York",NY,"2-4 weeks","~$500-1000",https://www.nyp.org/,https://uscehub.com/listing/cmn21114k000esb11q4zw3i16,,Not Started,,,
"Northwell Health System",Clinical Observership,"Internal Medicine, Surgery, Cardiology, Neurology, Oncology","Multiple locations",NY,"2-4 weeks","~$300-500",https://international.northwell.edu/consulting-advisory-services,https://uscehub.com/listing/cmn2111jv001esb1197ufjp8u,,Not Started,,,
"NYU Langone Health",Clinical Observership,"Internal Medicine, Radiology, Orthopedics, more","New York",NY,"2-4 weeks","~$400",https://med.nyu.edu/,https://uscehub.com/listing/cmn21110z000asb11hg2qwrua,,Not Started,,,
"Richmond University Medical Center",Clinical Observership,"Internal Medicine, Surgery, Psychiatry, Emergency Medicine","Staten Island",NY,"2-4 weeks","$300-500",https://www.rumcsi.org/,https://uscehub.com/listing/cmn21150f009ksb11e35rot4t,,Not Started,,,
"St. Barnabas Hospital",Clinical Observership,"Internal Medicine, Surgery, Family Medicine, Emergency Medicine","Bronx",NY,"4-12 weeks","~$300-600",https://www.sbhny.org/,https://uscehub.com/listing/cmn2111fx001asb114hiofz1l,,Not Started,,,
"St. John's Episcopal Hospital",Clinical Observership,"Internal Medicine, Emergency Medicine, Surgery","Far Rockaway",NY,"2-4 weeks","$200-400",https://www.ehs.org/,https://uscehub.com/listing/cmn2114z5009gsb11laxdyyfc,,Not Started,,,
"Stony Brook University Hospital",Clinical Observership,"Internal Medicine, Surgery, Neurology, Oncology","Stony Brook",NY,"2-4 weeks","~$200-400",https://renaissance.stonybrookmedicine.edu/gme,https://uscehub.com/listing/cmn2111lb001isb11fb37azrf,,Not Started,,,
"SUNY Downstate Medical Center",Clinical Observership,"Internal Medicine, Surgery, Pediatrics, OB/GYN, Psychiatry","Brooklyn",NY,"2-4 weeks","~$300-500",https://www.downstate.edu/education-training/graduate-medical-education/index.html,https://uscehub.com/listing/cmn2111kl001gsb118m3doyxd,,Not Started,,,
"Wyckoff Heights Medical Center",Clinical Observership,"Internal Medicine, Surgery, Pediatrics, OB/GYN","Brooklyn",NY,"2-4 weeks","$200-400",https://www.wyckoffhospital.org/,https://uscehub.com/listing/cmn2114zu009isb116spgam3g,,Not Started,,,
"Wyckoff Heights Medical Center",Clinical Observership,"Internal Medicine, Surgery, Pediatrics","Brooklyn",NY,"4-12 weeks","~$300-800",https://www.wyckoffhospital.org/,https://uscehub.com/listing/cmn2111el0016sb11s4ch7y7z,,Not Started,,,
"Cincinnati Children's Hospital — International Visitor Program",Clinical Observership,"Pediatrics (all subspecialties)","Cincinnati",OH,"1 week to 3 months","Contact program",https://www.cincinnatichildrens.org/professional/resources/international-visitor-program,https://uscehub.com/listing/cmn2114mz008osb114617lwli,,Not Started,,,
"Cleveland Clinic",Clinical Observership,"Multiple departments","Cleveland",OH,"1 month","$500 ($200 non-refundable + $300 balance)",https://my.clevelandclinic.org/departments/international-medical-education/international-programs/physician-observer,https://uscehub.com/listing/cmn21122v002osb11pdpyrjab,,Not Started,,,
"Cleveland Clinic — Research Fellowship",Research Fellowship,"Cardiovascular Research, Clinical Research, Outcomes Research, Health Services Research","Cleveland",OH,"1-2 years","Paid position — $50,000-60,000/year",https://my.clevelandclinic.org/departments/research-education/postdoctoral-programs,https://uscehub.com/listing/cmn2113p5006esb11skojaztp,,Not Started,,,
"Metro Health — Case Western Reserve",Clinical Observership,"Internal Medicine, Trauma Surgery, Emergency Medicine, Orthopaedics","Cleveland",OH,"2-4 weeks","Free — minimal admin fee",https://www.metrohealth.org/,https://uscehub.com/listing/cmn21157p009ysb11lhl9d9fe,,Not Started,,,
"Ohio State University Wexner Medical Center",Clinical Observership,"Internal Medicine, Surgery, Oncology, Cardiology","Columbus",OH,"2-4 weeks","~$200-400",https://medicine.osu.edu/departments/office-of-global-health/international-visiting-scholars,https://uscehub.com/listing/cmn21124c002ssb11sr1k6hdt,,Not Started,,,
"Summa Health System — Akron",Clinical Observership,"Internal Medicine, Family Medicine, Emergency Medicine","Akron",OH,"2-4 weeks","$200-400",https://www.summahealth.org/,https://uscehub.com/listing/cmn21158f00a0sb11x9a5ozzf,,Not Started,,,
"University Hospitals Cleveland",Clinical Observership,"Internal Medicine, Surgery, Pediatrics, Radiology","Cleveland",OH,"2-4 weeks","~$200-400",https://www.uhhospitals.org/medical-education/graduate-medical-education,https://uscehub.com/listing/cmn21123m002qsb116w4i7ktz,,Not Started,,,
"University of Cincinnati Medical Center",Clinical Observership,"Internal Medicine, Surgery, Emergency Medicine, Neurosurgery","Cincinnati",OH,"2-4 weeks","~$200-400",https://med.uc.edu/gme,https://uscehub.com/listing/cmn211253002usb11tv4v9ll0,,Not Started,,,
"University of Cincinnati Medical Center",Clinical Observership,"Internal Medicine, Emergency Medicine, Surgery, Neurology","Cincinnati",OH,"2-4 weeks","$300-600",https://www.uchealth.com/,https://uscehub.com/listing/cmn2115al00a6sb11rw5ecehe,,Not Started,,,
"Oregon Health & Science University (OHSU)",Clinical Observership,"Internal Medicine, Neuroscience, Ophthalmology, Family Medicine","Portland",OR,"2-4 weeks","$500-1,000",https://www.ohsu.edu/,https://uscehub.com/listing/cmn2115h800aosb11kx2c04ei,,Not Started,,,
"Oregon Health & Science University (OHSU)",Clinical Observership,"Internal Medicine, Surgery, Neurology, Ophthalmology","Portland",OR,"2-4 weeks","~$200-400",https://www.ohsu.edu/school-of-medicine/graduate-medical-education,https://uscehub.com/listing/cmn21139u005esb116b21poq8,,Not Started,,,
"Abington Hospital — Jefferson Health",Clinical Observership,"Internal Medicine, Family Medicine, Surgery, Cardiology","Abington",PA,"2-4 weeks","$300-500",https://www.jeffersonhealth.org/,https://uscehub.com/listing/cmn21153a009ssb11aleu4i2b,,Not Started,,,
"Allegheny Health Network — Observership",Clinical Observership,"Multiple departments","Pittsburgh",PA,"Contact program","Contact program",https://www.alleghenyinternational.org/observerships.html,https://uscehub.com/listing/cmn2114f30082sb1134o4wrsi,,Not Started,,,
"Children's Hospital of Philadelphia (CHOP)",Clinical Observership,"Pediatrics (all subspecialties)","Philadelphia",PA,"2-8 weeks","$750 admin fee + background screening",https://www.chop.edu/services/international-observership-program,https://uscehub.com/listing/cmn21148x007qsb1199j7n8yn,,Not Started,,,
"Conemaugh Memorial Medical Center",Clinical Observership,"Internal Medicine, Family Medicine, Surgery","Johnstown",PA,"2-4 weeks","$200-400",https://www.conemaugh.org/,https://uscehub.com/listing/cmn2115q200b6sb115fxbi2gx,,Not Started,,,
"Crozer-Chester Medical Center",Clinical Observership,"Internal Medicine, Surgery, Emergency Medicine","Upland",PA,"4-8 weeks","$500-1,000",https://www.crozerhealth.org/,https://uscehub.com/listing/cmn211569009usb119spp0t4q,,Not Started,,,
"Drexel University — International Observership",Clinical Observership,"Multiple departments","Philadelphia",PA,"Contact program","Contact program",https://drexel.edu/medicine/academics/continuing-education/physician-refresher-re-entry-program/for-prospective-students/international-students-observerships/,https://uscehub.com/listing/cmn2114fs0084sb11a383lpwp,,Not Started,,,
"Drexel University / Hahnemann (Tower Health)",Clinical Observership,"Internal Medicine, Family Medicine, Surgery","Philadelphia",PA,"2-4 weeks","~$200-400",https://drexel.edu/medicine/,https://uscehub.com/listing/cmn2112nm0042sb119q64hx5i,,Not Started,,,
"Geisinger Medical Center",Clinical Observership,"Internal Medicine, Cardiology, Surgery, Family Medicine","Danville",PA,"2-4 weeks","$300-500",https://www.geisinger.org/,https://uscehub.com/listing/cmn2115qt00b8sb11lj2ug8jv,,Not Started,,,
"Mercy Catholic Medical Center — Observership",Clinical Observership,"Internal Medicine","Darby",PA,"Contact program","Fee-based",https://www.trinityhealthma.org/healthcare-professionals/gme/mcmc/clinical-observership-program,https://uscehub.com/listing/cmn2114h80088sb11srnvkt92,,Not Started,,,
"Nazareth Hospital (Trinity Health) — Observership",Clinical Observership,"Internal Medicine","Philadelphia",PA,"Rotation-based","Fee-based (amount after acceptance)",https://www.trinityhealthma.org/healthcare-professionals/gme/nazareth/clinical-observership-program,https://uscehub.com/listing/cmn2114gi0086sb11cajt72c6,,Not Started,,,
"Penn Medicine — Postdoctoral Research",Research Fellowship,"Clinical Research, Clinical Trials, Outcomes Research, Cardiology","Philadelphia",PA,"1-5 years","Paid position — $55,000-65,000/year",https://www.med.upenn.edu/postdoc/,https://uscehub.com/listing/cmn211445007csb111xcgh8v0,,Not Started,,,
"Penn Medicine (UPenn)",Clinical Observership,"Cardiology, Oncology, Surgery, Internal Medicine","Philadelphia",PA,"2-4 weeks","~$300-500",https://www.pennmedicine.org/,https://uscehub.com/listing/cmn2112ki003usb111wmk4pt8,,Not Started,,,
"Reading Hospital — Tower Health",Clinical Observership,"Internal Medicine, Surgery, Family Medicine","Reading",PA,"2-4 weeks","$200-400",https://www.towerhealth.org/,https://uscehub.com/listing/cmn2115rj00basb112a50c40u,,Not Started,,,
"St. Mary Medical Center (Trinity Health)",Clinical Observership,"Multiple departments","Langhorne",PA,"Contact program","Contact program",https://www.trinityhealthma.org/healthcare-professionals/gme/st-mary/clinical-observership-program,https://uscehub.com/listing/cmn2114a9007usb11epq7tsc9,,Not Started,,,
"Temple University Hospital",Clinical Observership,"Internal Medicine, Surgery, Pulmonology, Emergency Medicine","Philadelphia",PA,"4-8 weeks","~$300-600",https://medicine.temple.edu/education/graduate-medical-education,https://uscehub.com/listing/cmn2112m0003ysb11rxj0haiv,,Not Started,,,
"Thomas Jefferson University Hospital",Clinical Observership,"Department-specific (NOTE: Internal Medicine no longer offers observerships)","Philadelphia",PA,"Up to 90 days","Contact program",https://www.jefferson.edu/international-services/visa-categories/short-term-visitors/clinical-observerships.html,https://uscehub.com/listing/cmn2112la003wsb113l7xdzlo,,Not Started,,,
"University of Pittsburgh — Postdoctoral Research",Research Fellowship,"Transplant Research, Clinical Research, Outcomes Research, Quality Improvement","Pittsburgh",PA,"1-3 years","Paid position — $50,000-60,000/year",https://www.postdoc.pitt.edu/,https://uscehub.com/listing/cmn2113to006qsb11m64ge9a7,,Not Started,,,
"UPMC (University of Pittsburgh Medical Center)",Clinical Observership,"Internal Medicine (EOP program)","Pittsburgh",PA,"8 weeks","$8,000 ($1,000/week for 8 weeks)",https://dom.pitt.edu/education/eop/,https://uscehub.com/listing/cmn2112mt0040sb115rkbqj9q,,Not Started,,,
"Medical University of South Carolina (MUSC)",Clinical Observership,"Internal Medicine, Surgery, Cardiology, Oncology, Neuroscience","Charleston",SC,"2-4 weeks","$500-1,000",https://web.musc.edu/,https://uscehub.com/listing/cmn2115to00bgsb111aw38w0l,,Not Started,,,
"Medical University of South Carolina (MUSC)",Clinical Observership,"Internal Medicine, Surgery, Cardiology, Transplant","Charleston",SC,"2-4 weeks","~$200-400",https://web.musc.edu/,https://uscehub.com/listing/cmn2113gf005wsb11f05bfy8c,,Not Started,,,
"UT Health Memphis / Regional One Health",Clinical Observership,"Internal Medicine, Surgery, Trauma, Emergency Medicine","Memphis",TN,"2-4 weeks","~$200-400",https://uthsc.edu/graduate-medical-education/,https://uscehub.com/listing/cmn2113e6005qsb114hstszfc,,Not Started,,,
"Vanderbilt University Medical Center",Clinical Observership,"Internal Medicine, Surgery, Cardiology, Oncology","Nashville",TN,"2-4 weeks","~$300-500",https://www.vumc.org/observational-services/welcome-vanderbilt-observational-experience-voe-program,https://uscehub.com/listing/cmn2113dh005osb11qdk4antb,,Not Started,,,
"Vanderbilt University Medical Center",Clinical Observership,"Internal Medicine, Surgery, Oncology, Gastroenterology, Pediatrics","Nashville",TN,"2-4 weeks","$500-1,500",https://www.vumc.org/observational-services/welcome-vanderbilt-observational-experience-voe-program,https://uscehub.com/listing/cmn2115gi00amsb11qs31gctb,,Not Started,,,
"Baylor College of Medicine",Clinical Observership,"Internal Medicine, Surgery, Pediatrics, Neurology","Houston",TX,"2-4 weeks","~$300-500",https://www.bcm.edu/,https://uscehub.com/listing/cmn2112d0003asb11odo3emfn,,Not Started,,,
"Baylor College of Medicine — Postdoctoral Research",Research Fellowship,"Clinical Research, Pediatrics, Cardiovascular, Outcomes Research, Medical Education Research","Houston",TX,"1-3 years","Paid position — $55,000-65,000/year",https://www.bcm.edu/,https://uscehub.com/listing/cmn21145j007gsb11ba86v05m,,Not Started,,,
"Houston Methodist Hospital",Clinical Observership,"Cardiovascular Surgery, Transplant, Neurology, Oncology","Houston",TX,"2-4 weeks","Contact program",https://www.houstonmethodist.org/for-health-professionals/global-health-care-services/global-health-care-education/observerships/,https://uscehub.com/listing/cmn2112ca0038sb11j2c6bv0t,,Not Started,,,
"JPS Health Network",Clinical Observership,"Internal Medicine, Family Medicine, Psychiatry, Emergency Medicine","Fort Worth",TX,"2-4 weeks","Free — public safety-net hospital",https://www.jpshealthnet.org/,https://uscehub.com/listing/cmn2115c200aasb110ul4c1ce,,Not Started,,,
"MD Anderson Cancer Center",Clinical Observership,"Oncology (all subspecialties), Radiation Oncology, Surgical Oncology","Houston",TX,"2-4 weeks","~$300-600",https://www.mdanderson.org/education-training/outreach-programs/observer-programs/other-observership-opportunities-at-md-anderson.html,https://uscehub.com/listing/cmn2112ei003esb1173ooktb0,,Not Started,,,
"MD Anderson Cancer Center — Observer Program",Clinical Observership,"Oncology, Radiation Oncology, Surgical Oncology, Medical Oncology","Houston",TX,"Contact program","Contact program",https://www.mdanderson.org/education-training/outreach-programs/observer-programs/other-observership-opportunities-at-md-anderson.html,https://uscehub.com/listing/cmn2113of006csb1109gg133k,,Not Started,,,
"Memorial Hermann Hospital / UTHealth",Clinical Observership,"Internal Medicine, Surgery, Neurosurgery, Emergency Medicine","Houston",TX,"2-4 weeks","~$200-400",https://med.uth.edu/gme/,https://uscehub.com/listing/cmn2112f7003gsb11qd3fut7i,,Not Started,,,
"Texas Tech University HSC — Observership",Clinical Observership,"Internal Medicine","Lubbock",TX,"Up to 8 weeks (two 4-week blocks)","$250-3,800 (app fee + program fees vary)",https://www.ttuhsc.edu/medicine/internal/observership/observership.aspx,https://uscehub.com/listing/cmn2114no008qsb11x1fjuo28,,Not Started,,,
"University of Texas Medical Branch (UTMB)",Clinical Observership,"Internal Medicine, Surgery, Family Medicine, Infectious Disease","Galveston",TX,"2-4 weeks","$300-500",https://www.utmb.edu/,https://uscehub.com/listing/cmn2115cs00acsb11onyobib8,,Not Started,,,
"UT Health San Antonio",Clinical Observership,"Internal Medicine, Surgery, Family Medicine, Psychiatry","San Antonio",TX,"2-4 weeks","~$200-400",https://www.uthscsa.edu/,https://uscehub.com/listing/cmn2112fx003isb11x5b08yua,,Not Started,,,
"UT Southwestern Medical Center",Clinical Observership,"Internal Medicine, Surgery, Neurology, Radiology, Oncology","Dallas",TX,"2-4 weeks","~$300-500",https://www.utsouthwestern.edu/education/graduate-medical-education/,https://uscehub.com/listing/cmn2112ds003csb11nwgawjyr,,Not Started,,,
"UT Southwestern Medical Center",Clinical Observership,"Internal Medicine, Surgery, Neurology, Radiology, Oncology","Dallas",TX,"2-4 weeks","$500-1,000",https://www.utsouthwestern.edu/,https://uscehub.com/listing/cmn2115bd00a8sb115h6bhehv,,Not Started,,,
"UTHealth Houston — Observer Program",Clinical Observership,"Multiple departments","Houston",TX,"Up to 2 months per department","$100 (US citizens) / $775 (foreign nationals)",https://med.uth.edu/gme/trainee-resources/visiting-trainees/observers/,https://uscehub.com/listing/cmn2114rn008usb11fgymplru,,Not Started,,,
"University of Utah Health",Clinical Observership,"Internal Medicine, Surgery, Orthopedics, Genetics","Salt Lake City",UT,"2-4 weeks","~$200-400",https://medicine.utah.edu/gme/,https://uscehub.com/listing/cmn2113le0064sb11a5urgvow,,Not Started,,,
"University of Utah Health",Clinical Observership,"Internal Medicine, Surgery, Orthopaedics, Oncology","Salt Lake City",UT,"2-4 weeks","$300-600",https://healthcare.utah.edu/,https://uscehub.com/listing/cmn2115nu00b0sb11bnr4d3ru,,Not Started,,,
"University of Virginia Health System",Clinical Observership,"Internal Medicine, Surgery, Cardiology, Neurosurgery","Charlottesville",VA,"2-4 weeks","~$200-400",https://med.virginia.edu/,https://uscehub.com/listing/cmn2113ex005ssb11z7kp129f,,Not Started,,,
"VCU Health / MCV Hospitals",Clinical Observership,"Internal Medicine, Surgery, Emergency Medicine, Transplant","Richmond",VA,"2-4 weeks","~$200-400",https://www.vcuhealth.org/,https://uscehub.com/listing/cmn2113fn005usb11jprkbjsa,,Not Started,,,
"Fred Hutchinson Cancer Center",Research Fellowship,"Oncology, Clinical Trials, Outcomes Research, Public Health, Epidemiology","Seattle",WA,"1-3 years","Paid position — $60,000-70,000/year",https://www.fredhutch.org/,https://uscehub.com/listing/cmn2113ue006ssb11j9eieieh,,Not Started,,,
"Providence Swedish Medical Center — Observer Program",Clinical Observership,"Multiple departments","Seattle",WA,"At preceptor's discretion","Contact program",https://gme.providence.org/washington/puget-sound/for-observers/observers-international-invited-guests/,https://uscehub.com/listing/cmn2114kr008isb1130q3lxp0,,Not Started,,,
"University of Washington Medical Center",Clinical Observership,"Internal Medicine, Surgery, Primary Care, Global Health","Seattle",WA,"2-4 weeks","~$300-500",https://medicine.uw.edu/education/observerships,https://uscehub.com/listing/cmn211393005csb11zeemcrog,,Not Started,,,
"UW Pathology — Global Observership (PAID STIPEND)",Clinical Observership,"Pathology","Seattle",WA,"1 month","FREE + up to $2,500 stipend provided",https://dlmp.uw.edu/education/global-observership,https://uscehub.com/listing/cmn2114v20094sb11ucq2qs48,,Not Started,,,
"Medical College of Wisconsin / Froedtert Hospital",Clinical Observership,"Internal Medicine, Surgery, Transplant, Trauma","Milwaukee",WI,"2-4 weeks","~$200-400",https://www.mcw.edu/education/graduate-medical-education,https://uscehub.com/listing/cmn21137m0058sb11p08zo591,,Not Started,,,