schema_version,artifact_id,run_id,institution_id,source_url,artifact_type,path,sha256,captured_at,status,failure_reason
p102-0r-1,manifest_1,p102-gold-4-mayo-clinic-rochester,inst_mayo_clinic_rochester_mn,https://mayoclinic.org/observership,CLEANED_TEXT,/Volumes/T7Shield_Code/01_PROJECTS/USCEHub/11_LOCAL_EVIDENCE/p102-national-runner/artifacts/p102-gold-4-mayo-clinic-rochester/cleaned_text/observership.txt,50b1aff7bcfbf26ac11f748e34a3f1c01f339530bb22f648266d2421babb9c8c,2026-05-15T01:09:11.055Z,OK,
p102-0r-1,manifest_2,p102-gold-4-mayo-clinic-rochester,inst_mayo_clinic_rochester_mn,https://mayoclinic.org/observership,RAW_HTML,/Volumes/T7Shield_Code/01_PROJECTS/USCEHub/11_LOCAL_EVIDENCE/p102-national-runner/artifacts/p102-gold-4-mayo-clinic-rochester/raw_html/observership.html,,2026-05-15T01:09:11.055Z,OK,
p102-0r-1,manifest_3,p102-gold-4-mayo-clinic-rochester,inst_mayo_clinic_rochester_mn,https://mayoclinic.org/observerships,CLEANED_TEXT,/Volumes/T7Shield_Code/01_PROJECTS/USCEHub/11_LOCAL_EVIDENCE/p102-national-runner/artifacts/p102-gold-4-mayo-clinic-rochester/cleaned_text/observerships.txt,50b1aff7bcfbf26ac11f748e34a3f1c01f339530bb22f648266d2421babb9c8c,2026-05-15T01:09:11.055Z,OK,
p102-0r-1,manifest_4,p102-gold-4-mayo-clinic-rochester,inst_mayo_clinic_rochester_mn,https://mayoclinic.org/observerships,RAW_HTML,/Volumes/T7Shield_Code/01_PROJECTS/USCEHub/11_LOCAL_EVIDENCE/p102-national-runner/artifacts/p102-gold-4-mayo-clinic-rochester/raw_html/observerships.html,,2026-05-15T01:09:11.055Z,OK,
p102-0r-1,manifest_5,p102-gold-4-mayo-clinic-rochester,inst_mayo_clinic_rochester_mn,https://mayoclinic.org/observer,CLEANED_TEXT,/Volumes/T7Shield_Code/01_PROJECTS/USCEHub/11_LOCAL_EVIDENCE/p102-national-runner/artifacts/p102-gold-4-mayo-clinic-rochester/cleaned_text/observer.txt,50b1aff7bcfbf26ac11f748e34a3f1c01f339530bb22f648266d2421babb9c8c,2026-05-15T01:09:11.055Z,OK,
p102-0r-1,manifest_6,p102-gold-4-mayo-clinic-rochester,inst_mayo_clinic_rochester_mn,https://mayoclinic.org/observer,RAW_HTML,/Volumes/T7Shield_Code/01_PROJECTS/USCEHub/11_LOCAL_EVIDENCE/p102-national-runner/artifacts/p102-gold-4-mayo-clinic-rochester/raw_html/observer.html,,2026-05-15T01:09:11.055Z,OK,
p102-0r-1,manifest_7,p102-gold-4-mayo-clinic-rochester,inst_mayo_clinic_rochester_mn,https://mayoclinic.org/clinical-observer,CLEANED_TEXT,/Volumes/T7Shield_Code/01_PROJECTS/USCEHub/11_LOCAL_EVIDENCE/p102-national-runner/artifacts/p102-gold-4-mayo-clinic-rochester/cleaned_text/clinical-observer.txt,50b1aff7bcfbf26ac11f748e34a3f1c01f339530bb22f648266d2421babb9c8c,2026-05-15T01:09:11.055Z,OK,
p102-0r-1,manifest_8,p102-gold-4-mayo-clinic-rochester,inst_mayo_clinic_rochester_mn,https://mayoclinic.org/clinical-observer,RAW_HTML,/Volumes/T7Shield_Code/01_PROJECTS/USCEHub/11_LOCAL_EVIDENCE/p102-national-runner/artifacts/p102-gold-4-mayo-clinic-rochester/raw_html/clinical-observer.html,,2026-05-15T01:09:11.055Z,OK,
p102-0r-1,manifest_9,p102-gold-4-mayo-clinic-rochester,inst_mayo_clinic_rochester_mn,https://mayoclinic.org/visiting-student,CLEANED_TEXT,/Volumes/T7Shield_Code/01_PROJECTS/USCEHub/11_LOCAL_EVIDENCE/p102-national-runner/artifacts/p102-gold-4-mayo-clinic-rochester/cleaned_text/visiting-student.txt,50b1aff7bcfbf26ac11f748e34a3f1c01f339530bb22f648266d2421babb9c8c,2026-05-15T01:09:11.055Z,OK,
p102-0r-1,manifest_10,p102-gold-4-mayo-clinic-rochester,inst_mayo_clinic_rochester_mn,https://mayoclinic.org/visiting-student,RAW_HTML,/Volumes/T7Shield_Code/01_PROJECTS/USCEHub/11_LOCAL_EVIDENCE/p102-national-runner/artifacts/p102-gold-4-mayo-clinic-rochester/raw_html/visiting-student.html,,2026-05-15T01:09:11.055Z,OK,
p102-0r-1,manifest_11,p102-gold-4-mayo-clinic-rochester,inst_mayo_clinic_rochester_mn,https://mayoclinic.org/visiting-students,CLEANED_TEXT,/Volumes/T7Shield_Code/01_PROJECTS/USCEHub/11_LOCAL_EVIDENCE/p102-national-runner/artifacts/p102-gold-4-mayo-clinic-rochester/cleaned_text/visiting-students.txt,50b1aff7bcfbf26ac11f748e34a3f1c01f339530bb22f648266d2421babb9c8c,2026-05-15T01:09:11.055Z,OK,
p102-0r-1,manifest_12,p102-gold-4-mayo-clinic-rochester,inst_mayo_clinic_rochester_mn,https://mayoclinic.org/visiting-students,RAW_HTML,/Volumes/T7Shield_Code/01_PROJECTS/USCEHub/11_LOCAL_EVIDENCE/p102-national-runner/artifacts/p102-gold-4-mayo-clinic-rochester/raw_html/visiting-students.html,,2026-05-15T01:09:11.055Z,OK,
p102-0r-1,manifest_13,p102-gold-4-mayo-clinic-rochester,inst_mayo_clinic_rochester_mn,https://mayoclinic.org/medical-students,CLEANED_TEXT,/Volumes/T7Shield_Code/01_PROJECTS/USCEHub/11_LOCAL_EVIDENCE/p102-national-runner/artifacts/p102-gold-4-mayo-clinic-rochester/cleaned_text/medical-students.txt,50b1aff7bcfbf26ac11f748e34a3f1c01f339530bb22f648266d2421babb9c8c,2026-05-15T01:09:11.055Z,OK,
p102-0r-1,manifest_14,p102-gold-4-mayo-clinic-rochester,inst_mayo_clinic_rochester_mn,https://mayoclinic.org/medical-students,RAW_HTML,/Volumes/T7Shield_Code/01_PROJECTS/USCEHub/11_LOCAL_EVIDENCE/p102-national-runner/artifacts/p102-gold-4-mayo-clinic-rochester/raw_html/medical-students.html,,2026-05-15T01:09:11.055Z,OK,
p102-0r-1,manifest_15,p102-gold-4-mayo-clinic-rochester,inst_mayo_clinic_rochester_mn,https://mayoclinic.org/international-students,CLEANED_TEXT,/Volumes/T7Shield_Code/01_PROJECTS/USCEHub/11_LOCAL_EVIDENCE/p102-national-runner/artifacts/p102-gold-4-mayo-clinic-rochester/cleaned_text/international-students.txt,50b1aff7bcfbf26ac11f748e34a3f1c01f339530bb22f648266d2421babb9c8c,2026-05-15T01:09:11.055Z,OK,
p102-0r-1,manifest_16,p102-gold-4-mayo-clinic-rochester,inst_mayo_clinic_rochester_mn,https://mayoclinic.org/international-students,RAW_HTML,/Volumes/T7Shield_Code/01_PROJECTS/USCEHub/11_LOCAL_EVIDENCE/p102-national-runner/artifacts/p102-gold-4-mayo-clinic-rochester/raw_html/international-students.html,,2026-05-15T01:09:11.055Z,OK,
p102-0r-1,manifest_17,p102-gold-4-mayo-clinic-rochester,inst_mayo_clinic_rochester_mn,https://mayoclinic.org/electives,CLEANED_TEXT,/Volumes/T7Shield_Code/01_PROJECTS/USCEHub/11_LOCAL_EVIDENCE/p102-national-runner/artifacts/p102-gold-4-mayo-clinic-rochester/cleaned_text/electives.txt,50b1aff7bcfbf26ac11f748e34a3f1c01f339530bb22f648266d2421babb9c8c,2026-05-15T01:09:11.055Z,OK,
p102-0r-1,manifest_18,p102-gold-4-mayo-clinic-rochester,inst_mayo_clinic_rochester_mn,https://mayoclinic.org/electives,RAW_HTML,/Volumes/T7Shield_Code/01_PROJECTS/USCEHub/11_LOCAL_EVIDENCE/p102-national-runner/artifacts/p102-gold-4-mayo-clinic-rochester/raw_html/electives.html,,2026-05-15T01:09:11.055Z,OK,
p102-0r-1,manifest_19,p102-gold-4-mayo-clinic-rochester,inst_mayo_clinic_rochester_mn,https://mayoclinic.org/away-rotations,CLEANED_TEXT,/Volumes/T7Shield_Code/01_PROJECTS/USCEHub/11_LOCAL_EVIDENCE/p102-national-runner/artifacts/p102-gold-4-mayo-clinic-rochester/cleaned_text/away-rotations.txt,50b1aff7bcfbf26ac11f748e34a3f1c01f339530bb22f648266d2421babb9c8c,2026-05-15T01:09:11.055Z,OK,
p102-0r-1,manifest_20,p102-gold-4-mayo-clinic-rochester,inst_mayo_clinic_rochester_mn,https://mayoclinic.org/away-rotations,RAW_HTML,/Volumes/T7Shield_Code/01_PROJECTS/USCEHub/11_LOCAL_EVIDENCE/p102-national-runner/artifacts/p102-gold-4-mayo-clinic-rochester/raw_html/away-rotations.html,,2026-05-15T01:09:11.055Z,OK,
p102-0r-1,manifest_21,p102-gold-4-mayo-clinic-rochester,inst_mayo_clinic_rochester_mn,https://mayoclinic.org/clinical-elective,CLEANED_TEXT,/Volumes/T7Shield_Code/01_PROJECTS/USCEHub/11_LOCAL_EVIDENCE/p102-national-runner/artifacts/p102-gold-4-mayo-clinic-rochester/cleaned_text/clinical-elective.txt,50b1aff7bcfbf26ac11f748e34a3f1c01f339530bb22f648266d2421babb9c8c,2026-05-15T01:09:11.055Z,OK,
p102-0r-1,manifest_22,p102-gold-4-mayo-clinic-rochester,inst_mayo_clinic_rochester_mn,https://mayoclinic.org/clinical-elective,RAW_HTML,/Volumes/T7Shield_Code/01_PROJECTS/USCEHub/11_LOCAL_EVIDENCE/p102-national-runner/artifacts/p102-gold-4-mayo-clinic-rochester/raw_html/clinical-elective.html,,2026-05-15T01:09:11.055Z,OK,
p102-0r-1,manifest_23,p102-gold-4-mayo-clinic-rochester,inst_mayo_clinic_rochester_mn,https://mayoclinic.org/clinical-rotation,CLEANED_TEXT,/Volumes/T7Shield_Code/01_PROJECTS/USCEHub/11_LOCAL_EVIDENCE/p102-national-runner/artifacts/p102-gold-4-mayo-clinic-rochester/cleaned_text/clinical-rotation.txt,50b1aff7bcfbf26ac11f748e34a3f1c01f339530bb22f648266d2421babb9c8c,2026-05-15T01:09:11.055Z,OK,
p102-0r-1,manifest_24,p102-gold-4-mayo-clinic-rochester,inst_mayo_clinic_rochester_mn,https://mayoclinic.org/clinical-rotation,RAW_HTML,/Volumes/T7Shield_Code/01_PROJECTS/USCEHub/11_LOCAL_EVIDENCE/p102-national-runner/artifacts/p102-gold-4-mayo-clinic-rochester/raw_html/clinical-rotation.html,,2026-05-15T01:09:11.055Z,OK,
p102-0r-1,manifest_25,p102-gold-4-mayo-clinic-rochester,inst_mayo_clinic_rochester_mn,https://mayoclinic.org/sub-internship,CLEANED_TEXT,/Volumes/T7Shield_Code/01_PROJECTS/USCEHub/11_LOCAL_EVIDENCE/p102-national-runner/artifacts/p102-gold-4-mayo-clinic-rochester/cleaned_text/sub-internship.txt,50b1aff7bcfbf26ac11f748e34a3f1c01f339530bb22f648266d2421babb9c8c,2026-05-15T01:09:11.055Z,OK,
p102-0r-1,manifest_26,p102-gold-4-mayo-clinic-rochester,inst_mayo_clinic_rochester_mn,https://mayoclinic.org/sub-internship,RAW_HTML,/Volumes/T7Shield_Code/01_PROJECTS/USCEHub/11_LOCAL_EVIDENCE/p102-national-runner/artifacts/p102-gold-4-mayo-clinic-rochester/raw_html/sub-internship.html,,2026-05-15T01:09:11.055Z,OK,
p102-0r-1,manifest_27,p102-gold-4-mayo-clinic-rochester,inst_mayo_clinic_rochester_mn,https://mayoclinic.org/subinternship,CLEANED_TEXT,/Volumes/T7Shield_Code/01_PROJECTS/USCEHub/11_LOCAL_EVIDENCE/p102-national-runner/artifacts/p102-gold-4-mayo-clinic-rochester/cleaned_text/subinternship.txt,50b1aff7bcfbf26ac11f748e34a3f1c01f339530bb22f648266d2421babb9c8c,2026-05-15T01:09:11.055Z,OK,
p102-0r-1,manifest_28,p102-gold-4-mayo-clinic-rochester,inst_mayo_clinic_rochester_mn,https://mayoclinic.org/subinternship,RAW_HTML,/Volumes/T7Shield_Code/01_PROJECTS/USCEHub/11_LOCAL_EVIDENCE/p102-national-runner/artifacts/p102-gold-4-mayo-clinic-rochester/raw_html/subinternship.html,,2026-05-15T01:09:11.055Z,OK,
p102-0r-1,manifest_29,p102-gold-4-mayo-clinic-rochester,inst_mayo_clinic_rochester_mn,https://mayoclinic.org/acting-internship,CLEANED_TEXT,/Volumes/T7Shield_Code/01_PROJECTS/USCEHub/11_LOCAL_EVIDENCE/p102-national-runner/artifacts/p102-gold-4-mayo-clinic-rochester/cleaned_text/acting-internship.txt,50b1aff7bcfbf26ac11f748e34a3f1c01f339530bb22f648266d2421babb9c8c,2026-05-15T01:09:11.055Z,OK,
p102-0r-1,manifest_30,p102-gold-4-mayo-clinic-rochester,inst_mayo_clinic_rochester_mn,https://mayoclinic.org/acting-internship,RAW_HTML,/Volumes/T7Shield_Code/01_PROJECTS/USCEHub/11_LOCAL_EVIDENCE/p102-national-runner/artifacts/p102-gold-4-mayo-clinic-rochester/raw_html/acting-internship.html,,2026-05-15T01:09:11.055Z,OK,
p102-0r-1,manifest_31,p102-gold-4-mayo-clinic-rochester,inst_mayo_clinic_rochester_mn,https://mayoclinic.org/research,CLEANED_TEXT,/Volumes/T7Shield_Code/01_PROJECTS/USCEHub/11_LOCAL_EVIDENCE/p102-national-runner/artifacts/p102-gold-4-mayo-clinic-rochester/cleaned_text/research.txt,50b1aff7bcfbf26ac11f748e34a3f1c01f339530bb22f648266d2421babb9c8c,2026-05-15T01:09:11.055Z,OK,
p102-0r-1,manifest_32,p102-gold-4-mayo-clinic-rochester,inst_mayo_clinic_rochester_mn,https://mayoclinic.org/research,RAW_HTML,/Volumes/T7Shield_Code/01_PROJECTS/USCEHub/11_LOCAL_EVIDENCE/p102-national-runner/artifacts/p102-gold-4-mayo-clinic-rochester/raw_html/research.html,,2026-05-15T01:09:11.055Z,OK,
p102-0r-1,manifest_33,p102-gold-4-mayo-clinic-rochester,inst_mayo_clinic_rochester_mn,https://mayoclinic.org/student-research,CLEANED_TEXT,/Volumes/T7Shield_Code/01_PROJECTS/USCEHub/11_LOCAL_EVIDENCE/p102-national-runner/artifacts/p102-gold-4-mayo-clinic-rochester/cleaned_text/student-research.txt,50b1aff7bcfbf26ac11f748e34a3f1c01f339530bb22f648266d2421babb9c8c,2026-05-15T01:09:11.055Z,OK,
p102-0r-1,manifest_34,p102-gold-4-mayo-clinic-rochester,inst_mayo_clinic_rochester_mn,https://mayoclinic.org/student-research,RAW_HTML,/Volumes/T7Shield_Code/01_PROJECTS/USCEHub/11_LOCAL_EVIDENCE/p102-national-runner/artifacts/p102-gold-4-mayo-clinic-rochester/raw_html/student-research.html,,2026-05-15T01:09:11.055Z,OK,
p102-0r-1,manifest_35,p102-gold-4-mayo-clinic-rochester,inst_mayo_clinic_rochester_mn,https://mayoclinic.org/shadow,CLEANED_TEXT,/Volumes/T7Shield_Code/01_PROJECTS/USCEHub/11_LOCAL_EVIDENCE/p102-national-runner/artifacts/p102-gold-4-mayo-clinic-rochester/cleaned_text/shadow.txt,50b1aff7bcfbf26ac11f748e34a3f1c01f339530bb22f648266d2421babb9c8c,2026-05-15T01:09:11.055Z,OK,
p102-0r-1,manifest_36,p102-gold-4-mayo-clinic-rochester,inst_mayo_clinic_rochester_mn,https://mayoclinic.org/shadow,RAW_HTML,/Volumes/T7Shield_Code/01_PROJECTS/USCEHub/11_LOCAL_EVIDENCE/p102-national-runner/artifacts/p102-gold-4-mayo-clinic-rochester/raw_html/shadow.html,,2026-05-15T01:09:11.055Z,OK,
p102-0r-1,manifest_37,p102-gold-4-mayo-clinic-rochester,inst_mayo_clinic_rochester_mn,https://mayoclinic.org/shadowing,CLEANED_TEXT,/Volumes/T7Shield_Code/01_PROJECTS/USCEHub/11_LOCAL_EVIDENCE/p102-national-runner/artifacts/p102-gold-4-mayo-clinic-rochester/cleaned_text/shadowing.txt,50b1aff7bcfbf26ac11f748e34a3f1c01f339530bb22f648266d2421babb9c8c,2026-05-15T01:09:11.055Z,OK,
p102-0r-1,manifest_38,p102-gold-4-mayo-clinic-rochester,inst_mayo_clinic_rochester_mn,https://mayoclinic.org/shadowing,RAW_HTML,/Volumes/T7Shield_Code/01_PROJECTS/USCEHub/11_LOCAL_EVIDENCE/p102-national-runner/artifacts/p102-gold-4-mayo-clinic-rochester/raw_html/shadowing.html,,2026-05-15T01:09:11.055Z,OK,
p102-0r-1,manifest_39,p102-gold-4-mayo-clinic-rochester,inst_mayo_clinic_rochester_mn,https://mayoclinic.org/volunteer,CLEANED_TEXT,/Volumes/T7Shield_Code/01_PROJECTS/USCEHub/11_LOCAL_EVIDENCE/p102-national-runner/artifacts/p102-gold-4-mayo-clinic-rochester/cleaned_text/volunteer.txt,50b1aff7bcfbf26ac11f748e34a3f1c01f339530bb22f648266d2421babb9c8c,2026-05-15T01:09:11.055Z,OK,
p102-0r-1,manifest_40,p102-gold-4-mayo-clinic-rochester,inst_mayo_clinic_rochester_mn,https://mayoclinic.org/volunteer,RAW_HTML,/Volumes/T7Shield_Code/01_PROJECTS/USCEHub/11_LOCAL_EVIDENCE/p102-national-runner/artifacts/p102-gold-4-mayo-clinic-rochester/raw_html/volunteer.html,,2026-05-15T01:09:11.055Z,OK,
p102-0r-1,manifest_41,p102-gold-4-mayo-clinic-rochester,inst_mayo_clinic_rochester_mn,https://mayoclinic.org/volunteering,CLEANED_TEXT,/Volumes/T7Shield_Code/01_PROJECTS/USCEHub/11_LOCAL_EVIDENCE/p102-national-runner/artifacts/p102-gold-4-mayo-clinic-rochester/cleaned_text/volunteering.txt,50b1aff7bcfbf26ac11f748e34a3f1c01f339530bb22f648266d2421babb9c8c,2026-05-15T01:09:11.055Z,OK,
p102-0r-1,manifest_42,p102-gold-4-mayo-clinic-rochester,inst_mayo_clinic_rochester_mn,https://mayoclinic.org/volunteering,RAW_HTML,/Volumes/T7Shield_Code/01_PROJECTS/USCEHub/11_LOCAL_EVIDENCE/p102-national-runner/artifacts/p102-gold-4-mayo-clinic-rochester/raw_html/volunteering.html,,2026-05-15T01:09:11.055Z,OK,
p102-0r-1,manifest_43,p102-gold-4-mayo-clinic-rochester,inst_mayo_clinic_rochester_mn,https://mayoclinic.org/img,CLEANED_TEXT,/Volumes/T7Shield_Code/01_PROJECTS/USCEHub/11_LOCAL_EVIDENCE/p102-national-runner/artifacts/p102-gold-4-mayo-clinic-rochester/cleaned_text/img.txt,50b1aff7bcfbf26ac11f748e34a3f1c01f339530bb22f648266d2421babb9c8c,2026-05-15T01:09:11.055Z,OK,
p102-0r-1,manifest_44,p102-gold-4-mayo-clinic-rochester,inst_mayo_clinic_rochester_mn,https://mayoclinic.org/img,RAW_HTML,/Volumes/T7Shield_Code/01_PROJECTS/USCEHub/11_LOCAL_EVIDENCE/p102-national-runner/artifacts/p102-gold-4-mayo-clinic-rochester/raw_html/img.html,,2026-05-15T01:09:11.055Z,OK,
p102-0r-1,manifest_45,p102-gold-4-mayo-clinic-rochester,inst_mayo_clinic_rochester_mn,https://mayoclinic.org/international-medical-graduates,CLEANED_TEXT,/Volumes/T7Shield_Code/01_PROJECTS/USCEHub/11_LOCAL_EVIDENCE/p102-national-runner/artifacts/p102-gold-4-mayo-clinic-rochester/cleaned_text/international-medical-graduates.txt,50b1aff7bcfbf26ac11f748e34a3f1c01f339530bb22f648266d2421babb9c8c,2026-05-15T01:09:11.055Z,OK,
p102-0r-1,manifest_46,p102-gold-4-mayo-clinic-rochester,inst_mayo_clinic_rochester_mn,https://mayoclinic.org/international-medical-graduates,RAW_HTML,/Volumes/T7Shield_Code/01_PROJECTS/USCEHub/11_LOCAL_EVIDENCE/p102-national-runner/artifacts/p102-gold-4-mayo-clinic-rochester/raw_html/international-medical-graduates.html,,2026-05-15T01:09:11.055Z,OK,
p102-0r-1,manifest_47,p102-gold-4-mayo-clinic-rochester,inst_mayo_clinic_rochester_mn,https://mayoclinic.org/graduate-medical-education,CLEANED_TEXT,/Volumes/T7Shield_Code/01_PROJECTS/USCEHub/11_LOCAL_EVIDENCE/p102-national-runner/artifacts/p102-gold-4-mayo-clinic-rochester/cleaned_text/graduate-medical-education.txt,50b1aff7bcfbf26ac11f748e34a3f1c01f339530bb22f648266d2421babb9c8c,2026-05-15T01:09:11.055Z,OK,
p102-0r-1,manifest_48,p102-gold-4-mayo-clinic-rochester,inst_mayo_clinic_rochester_mn,https://mayoclinic.org/graduate-medical-education,RAW_HTML,/Volumes/T7Shield_Code/01_PROJECTS/USCEHub/11_LOCAL_EVIDENCE/p102-national-runner/artifacts/p102-gold-4-mayo-clinic-rochester/raw_html/graduate-medical-education.html,,2026-05-15T01:09:11.055Z,OK,
p102-0r-1,manifest_49,p102-gold-4-mayo-clinic-rochester,inst_mayo_clinic_rochester_mn,https://mayoclinic.org/gme,CLEANED_TEXT,/Volumes/T7Shield_Code/01_PROJECTS/USCEHub/11_LOCAL_EVIDENCE/p102-national-runner/artifacts/p102-gold-4-mayo-clinic-rochester/cleaned_text/gme.txt,50b1aff7bcfbf26ac11f748e34a3f1c01f339530bb22f648266d2421babb9c8c,2026-05-15T01:09:11.055Z,OK,
p102-0r-1,manifest_50,p102-gold-4-mayo-clinic-rochester,inst_mayo_clinic_rochester_mn,https://mayoclinic.org/gme,RAW_HTML,/Volumes/T7Shield_Code/01_PROJECTS/USCEHub/11_LOCAL_EVIDENCE/p102-national-runner/artifacts/p102-gold-4-mayo-clinic-rochester/raw_html/gme.html,,2026-05-15T01:09:11.055Z,OK,
p102-0r-1,manifest_51,p102-gold-4-mayo-clinic-rochester,inst_mayo_clinic_rochester_mn,https://mayoclinic.org/residency,CLEANED_TEXT,/Volumes/T7Shield_Code/01_PROJECTS/USCEHub/11_LOCAL_EVIDENCE/p102-national-runner/artifacts/p102-gold-4-mayo-clinic-rochester/cleaned_text/residency.txt,50b1aff7bcfbf26ac11f748e34a3f1c01f339530bb22f648266d2421babb9c8c,2026-05-15T01:09:11.055Z,OK,
p102-0r-1,manifest_52,p102-gold-4-mayo-clinic-rochester,inst_mayo_clinic_rochester_mn,https://mayoclinic.org/residency,RAW_HTML,/Volumes/T7Shield_Code/01_PROJECTS/USCEHub/11_LOCAL_EVIDENCE/p102-national-runner/artifacts/p102-gold-4-mayo-clinic-rochester/raw_html/residency.html,,2026-05-15T01:09:11.055Z,OK,
p102-0r-1,manifest_53,p102-gold-4-mayo-clinic-rochester,inst_mayo_clinic_rochester_mn,https://mayoclinic.org/fellowship,CLEANED_TEXT,/Volumes/T7Shield_Code/01_PROJECTS/USCEHub/11_LOCAL_EVIDENCE/p102-national-runner/artifacts/p102-gold-4-mayo-clinic-rochester/cleaned_text/fellowship.txt,50b1aff7bcfbf26ac11f748e34a3f1c01f339530bb22f648266d2421babb9c8c,2026-05-15T01:09:11.055Z,OK,
p102-0r-1,manifest_54,p102-gold-4-mayo-clinic-rochester,inst_mayo_clinic_rochester_mn,https://mayoclinic.org/fellowship,RAW_HTML,/Volumes/T7Shield_Code/01_PROJECTS/USCEHub/11_LOCAL_EVIDENCE/p102-national-runner/artifacts/p102-gold-4-mayo-clinic-rochester/raw_html/fellowship.html,,2026-05-15T01:09:11.055Z,OK,
p102-0r-1,manifest_55,p102-gold-4-mayo-clinic-rochester,inst_mayo_clinic_rochester_mn,https://mayoclinic.org/careers,CLEANED_TEXT,/Volumes/T7Shield_Code/01_PROJECTS/USCEHub/11_LOCAL_EVIDENCE/p102-national-runner/artifacts/p102-gold-4-mayo-clinic-rochester/cleaned_text/careers.txt,50b1aff7bcfbf26ac11f748e34a3f1c01f339530bb22f648266d2421babb9c8c,2026-05-15T01:09:11.055Z,OK,
p102-0r-1,manifest_56,p102-gold-4-mayo-clinic-rochester,inst_mayo_clinic_rochester_mn,https://mayoclinic.org/careers,RAW_HTML,/Volumes/T7Shield_Code/01_PROJECTS/USCEHub/11_LOCAL_EVIDENCE/p102-national-runner/artifacts/p102-gold-4-mayo-clinic-rochester/raw_html/careers.html,,2026-05-15T01:09:11.055Z,OK,
p102-0r-1,manifest_57,p102-gold-4-mayo-clinic-rochester,inst_mayo_clinic_rochester_mn,https://mayoclinic.org/physician-careers,CLEANED_TEXT,/Volumes/T7Shield_Code/01_PROJECTS/USCEHub/11_LOCAL_EVIDENCE/p102-national-runner/artifacts/p102-gold-4-mayo-clinic-rochester/cleaned_text/physician-careers.txt,50b1aff7bcfbf26ac11f748e34a3f1c01f339530bb22f648266d2421babb9c8c,2026-05-15T01:09:11.055Z,OK,
p102-0r-1,manifest_58,p102-gold-4-mayo-clinic-rochester,inst_mayo_clinic_rochester_mn,https://mayoclinic.org/physician-careers,RAW_HTML,/Volumes/T7Shield_Code/01_PROJECTS/USCEHub/11_LOCAL_EVIDENCE/p102-national-runner/artifacts/p102-gold-4-mayo-clinic-rochester/raw_html/physician-careers.html,,2026-05-15T01:09:11.055Z,OK,
p102-0r-1,manifest_59,p102-gold-4-mayo-clinic-rochester,inst_mayo_clinic_rochester_mn,https://mayoclinic.org/provider-careers,CLEANED_TEXT,/Volumes/T7Shield_Code/01_PROJECTS/USCEHub/11_LOCAL_EVIDENCE/p102-national-runner/artifacts/p102-gold-4-mayo-clinic-rochester/cleaned_text/provider-careers.txt,50b1aff7bcfbf26ac11f748e34a3f1c01f339530bb22f648266d2421babb9c8c,2026-05-15T01:09:11.055Z,OK,
p102-0r-1,manifest_60,p102-gold-4-mayo-clinic-rochester,inst_mayo_clinic_rochester_mn,https://mayoclinic.org/provider-careers,RAW_HTML,/Volumes/T7Shield_Code/01_PROJECTS/USCEHub/11_LOCAL_EVIDENCE/p102-national-runner/artifacts/p102-gold-4-mayo-clinic-rochester/raw_html/provider-careers.html,,2026-05-15T01:09:11.055Z,OK,
p102-0r-1,manifest_61,p102-gold-4-mayo-clinic-rochester,inst_mayo_clinic_rochester_mn,https://mayoclinic.org/benefits,CLEANED_TEXT,/Volumes/T7Shield_Code/01_PROJECTS/USCEHub/11_LOCAL_EVIDENCE/p102-national-runner/artifacts/p102-gold-4-mayo-clinic-rochester/cleaned_text/benefits.txt,50b1aff7bcfbf26ac11f748e34a3f1c01f339530bb22f648266d2421babb9c8c,2026-05-15T01:09:11.055Z,OK,
p102-0r-1,manifest_62,p102-gold-4-mayo-clinic-rochester,inst_mayo_clinic_rochester_mn,https://mayoclinic.org/benefits,RAW_HTML,/Volumes/T7Shield_Code/01_PROJECTS/USCEHub/11_LOCAL_EVIDENCE/p102-national-runner/artifacts/p102-gold-4-mayo-clinic-rochester/raw_html/benefits.html,,2026-05-15T01:09:11.055Z,OK,
p102-0r-1,manifest_63,p102-gold-4-mayo-clinic-rochester,inst_mayo_clinic_rochester_mn,https://mayoclinic.org/visa,CLEANED_TEXT,/Volumes/T7Shield_Code/01_PROJECTS/USCEHub/11_LOCAL_EVIDENCE/p102-national-runner/artifacts/p102-gold-4-mayo-clinic-rochester/cleaned_text/visa.txt,50b1aff7bcfbf26ac11f748e34a3f1c01f339530bb22f648266d2421babb9c8c,2026-05-15T01:09:11.055Z,OK,
p102-0r-1,manifest_64,p102-gold-4-mayo-clinic-rochester,inst_mayo_clinic_rochester_mn,https://mayoclinic.org/visa,RAW_HTML,/Volumes/T7Shield_Code/01_PROJECTS/USCEHub/11_LOCAL_EVIDENCE/p102-national-runner/artifacts/p102-gold-4-mayo-clinic-rochester/raw_html/visa.html,,2026-05-15T01:09:11.055Z,OK,
p102-0r-1,manifest_65,p102-gold-4-mayo-clinic-rochester,inst_mayo_clinic_rochester_mn,https://mayoclinic.org/immigration,CLEANED_TEXT,/Volumes/T7Shield_Code/01_PROJECTS/USCEHub/11_LOCAL_EVIDENCE/p102-national-runner/artifacts/p102-gold-4-mayo-clinic-rochester/cleaned_text/immigration.txt,50b1aff7bcfbf26ac11f748e34a3f1c01f339530bb22f648266d2421babb9c8c,2026-05-15T01:09:11.055Z,OK,
p102-0r-1,manifest_66,p102-gold-4-mayo-clinic-rochester,inst_mayo_clinic_rochester_mn,https://mayoclinic.org/immigration,RAW_HTML,/Volumes/T7Shield_Code/01_PROJECTS/USCEHub/11_LOCAL_EVIDENCE/p102-national-runner/artifacts/p102-gold-4-mayo-clinic-rochester/raw_html/immigration.html,,2026-05-15T01:09:11.055Z,OK,
p102-0r-1,manifest_67,p102-gold-4-mayo-clinic-rochester,inst_mayo_clinic_rochester_mn,https://mayoclinic.org/credentialing,CLEANED_TEXT,/Volumes/T7Shield_Code/01_PROJECTS/USCEHub/11_LOCAL_EVIDENCE/p102-national-runner/artifacts/p102-gold-4-mayo-clinic-rochester/cleaned_text/credentialing.txt,50b1aff7bcfbf26ac11f748e34a3f1c01f339530bb22f648266d2421babb9c8c,2026-05-15T01:09:11.055Z,OK,
p102-0r-1,manifest_68,p102-gold-4-mayo-clinic-rochester,inst_mayo_clinic_rochester_mn,https://mayoclinic.org/credentialing,RAW_HTML,/Volumes/T7Shield_Code/01_PROJECTS/USCEHub/11_LOCAL_EVIDENCE/p102-national-runner/artifacts/p102-gold-4-mayo-clinic-rochester/raw_html/credentialing.html,,2026-05-15T01:09:11.055Z,OK,
p102-0r-1,manifest_69,p102-gold-4-mayo-clinic-rochester,inst_mayo_clinic_rochester_mn,https://mayoclinic.org/health-professionals,CLEANED_TEXT,/Volumes/T7Shield_Code/01_PROJECTS/USCEHub/11_LOCAL_EVIDENCE/p102-national-runner/artifacts/p102-gold-4-mayo-clinic-rochester/cleaned_text/health-professionals.txt,50b1aff7bcfbf26ac11f748e34a3f1c01f339530bb22f648266d2421babb9c8c,2026-05-15T01:09:11.055Z,OK,
p102-0r-1,manifest_70,p102-gold-4-mayo-clinic-rochester,inst_mayo_clinic_rochester_mn,https://mayoclinic.org/health-professionals,RAW_HTML,/Volumes/T7Shield_Code/01_PROJECTS/USCEHub/11_LOCAL_EVIDENCE/p102-national-runner/artifacts/p102-gold-4-mayo-clinic-rochester/raw_html/health-professionals.html,,2026-05-15T01:09:11.055Z,OK,
p102-0r-1,manifest_71,p102-gold-4-mayo-clinic-rochester,inst_mayo_clinic_rochester_mn,https://mayoclinic.org/medical-education,CLEANED_TEXT,/Volumes/T7Shield_Code/01_PROJECTS/USCEHub/11_LOCAL_EVIDENCE/p102-national-runner/artifacts/p102-gold-4-mayo-clinic-rochester/cleaned_text/medical-education.txt,50b1aff7bcfbf26ac11f748e34a3f1c01f339530bb22f648266d2421babb9c8c,2026-05-15T01:09:11.055Z,OK,
p102-0r-1,manifest_72,p102-gold-4-mayo-clinic-rochester,inst_mayo_clinic_rochester_mn,https://mayoclinic.org/medical-education,RAW_HTML,/Volumes/T7Shield_Code/01_PROJECTS/USCEHub/11_LOCAL_EVIDENCE/p102-national-runner/artifacts/p102-gold-4-mayo-clinic-rochester/raw_html/medical-education.html,,2026-05-15T01:09:11.055Z,OK,
p102-0r-1,manifest_73,p102-gold-4-mayo-clinic-rochester,inst_mayo_clinic_rochester_mn,https://mayoclinic.org/professional-education,CLEANED_TEXT,/Volumes/T7Shield_Code/01_PROJECTS/USCEHub/11_LOCAL_EVIDENCE/p102-national-runner/artifacts/p102-gold-4-mayo-clinic-rochester/cleaned_text/professional-education.txt,50b1aff7bcfbf26ac11f748e34a3f1c01f339530bb22f648266d2421babb9c8c,2026-05-15T01:09:11.055Z,OK,
p102-0r-1,manifest_74,p102-gold-4-mayo-clinic-rochester,inst_mayo_clinic_rochester_mn,https://mayoclinic.org/professional-education,RAW_HTML,/Volumes/T7Shield_Code/01_PROJECTS/USCEHub/11_LOCAL_EVIDENCE/p102-national-runner/artifacts/p102-gold-4-mayo-clinic-rochester/raw_html/professional-education.html,,2026-05-15T01:09:11.055Z,OK,
p102-0r-1,manifest_75,p102-gold-4-mayo-clinic-rochester,inst_mayo_clinic_rochester_mn,https://mayoclinic.org/student-affairs,CLEANED_TEXT,/Volumes/T7Shield_Code/01_PROJECTS/USCEHub/11_LOCAL_EVIDENCE/p102-national-runner/artifacts/p102-gold-4-mayo-clinic-rochester/cleaned_text/student-affairs.txt,50b1aff7bcfbf26ac11f748e34a3f1c01f339530bb22f648266d2421babb9c8c,2026-05-15T01:09:11.055Z,OK,
p102-0r-1,manifest_76,p102-gold-4-mayo-clinic-rochester,inst_mayo_clinic_rochester_mn,https://mayoclinic.org/student-affairs,RAW_HTML,/Volumes/T7Shield_Code/01_PROJECTS/USCEHub/11_LOCAL_EVIDENCE/p102-national-runner/artifacts/p102-gold-4-mayo-clinic-rochester/raw_html/student-affairs.html,,2026-05-15T01:09:11.055Z,OK,
p102-0r-1,manifest_77,p102-gold-4-mayo-clinic-rochester,inst_mayo_clinic_rochester_mn,https://mayoclinic.org/education,CLEANED_TEXT,/Volumes/T7Shield_Code/01_PROJECTS/USCEHub/11_LOCAL_EVIDENCE/p102-national-runner/artifacts/p102-gold-4-mayo-clinic-rochester/cleaned_text/education.txt,967a1bc49b8c894808458d5a91fdd0502972b1783d83ee1f5b1d0a471681c523,2026-05-15T01:09:11.055Z,OK,
p102-0r-1,manifest_78,p102-gold-4-mayo-clinic-rochester,inst_mayo_clinic_rochester_mn,https://mayoclinic.org/education,RAW_HTML,/Volumes/T7Shield_Code/01_PROJECTS/USCEHub/11_LOCAL_EVIDENCE/p102-national-runner/artifacts/p102-gold-4-mayo-clinic-rochester/raw_html/education.html,,2026-05-15T01:09:11.055Z,OK,
